adjective,noun,most_common_feature,most_common_feature_rating
,,,
fat,hen,average,5
,,,
castle,puzzle,jigsaw,3
,,,
red,hexagon,red,4
,,,
red,dog,brown,3
,,,
glazed,window,clear,5
,,,
horned,viper,horned,2
,,,
round,body,thin,2
,,,
coral,reef,coral,6
,,,
girl,glass,wine,2
,,,
pipe,cover,car,3
,,,
elephant,mommy,human,3
,,,
smiley,cake,plain,4
,,,
yellow,slab,grey,4
,,,
top,buckle,bottom,3
,,,
green,suit,grey,5
,,,
green,chain,black,4
,,,
purple,scissors,NA,NA
,,,
purple,circle,yellow,3
,,,
roast,marshmallow,unroasted,6
,,,
cookie,sheet,bed,5
,,,
street,corner,NA,NA
,,,
bath,tile,bath,4
,,,
yellow,belt,brown,5
,,,
green,horse,brown,5
,,,
bed,breakfast,table,5
,,,
woolly,sheep,woolly,4
,,,
bald,head,hairy,5
,,,
brown,stick,brown,5
,,,
bridge,piece,chess,4
,,,
giant,fish,small,6
,,,
colored,ring,silver,4
,,,
farm,vehicle,road,5
,,,
yellow,zucchini,green,5
,,,
strawberry,oatmeal,plain,4
,,,
garlic,powder,baking,3
,,,
wooden,train,diesel,5
,,,
orange,pumpkin,orange,6
,,,
pumpkin,face,pumpkin,5
,,,
toy,basket,gift,5
,,,
outside,room,inside,7
,,,
earth,worm,earth,6
,,,
fat,body,average,4
,,,
bite,mark,bite,2
,,,
snow,tire,road,4
,,,
red,bag,brown,5
,,,
bright,light,dim,4
,,,
football,game,football,5
,,,
navy,stripe,NA,NA
,,,
ear,ring,finger,5
,,,
room,door,room,7
,,,
puzzle,piece,chess,4
,,,
dark,screen,bright,6
,,,
bear,mask,cat,5
,,,
blood,test,blood,6
,,,
orange,necklace,silver,5
,,,
pee,diaper,pee,5
,,,
apple,head,,
,,,
room,suite,room,7
,,,
strawberry,sauce,apple,5
,,,
dictionary,publisher,book,6
,,,
giant,sandwich,medium,5
,,,
riding,toy,holding,6
,,,
purple,truck,black,5
,,,
baby,pool,baby,4
,,,
green,leaf,green,5
,,,
back,side,front,4
,,,
wet,shoe,dry,6
,,,
turkey,sty,pig,7
,,,
fridge,magnet,fridge,5
,,,
yellow,costume,NA,NA
,,,
gas,cooker,gas,5
,,,
mother,alligator,baby,5
,,,
oval,triangle,triangular,7
,,,
green,tomato,red,6
,,,
red,horse,brown,5
,,,
light,switch,light,6
,,,
dead,ornament,dead,7
,,,
pigeon,shit,seagull,5
,,,
apple,slice,apple,4
,,,
wet,girl,dry,6
,,,
candy,machine,sewing,5
,,,
jam,pot,NA,NA
,,,
lighting,hallway,lighting,4
,,,
music,toy,NA,NA
,,,
kitchen,counter,kitchen,6
,,,
green,slide,NA,NA
,,,
steam,shovel,metal,6
,,,
baby,hippo,adult,6
,,,
carrot,stick,,
,,,
sleeve,shirt,sleeve,5
,,,
goods,shop,goods,5
,,,
file,drawer,clothes,5
,,,
dirty,daddy,clean,6
,,,
solid,smack,weak,5
,,,
balloon,streamer,confetti,5
,,,
foot,length,meter,6
,,,
dead,skin,alive,5
,,,
sidewalk,chalk,schoolyard,5
,,,
fat,bunny,average,6
,,,
apple,tea,lemon,5
,,,
dirty,foot,clean,6
,,,
record,run,normal,5
,,,
seaside,cart,inland,5
,,,
round,globe,round,7
,,,
purple,onion,purple,7
,,,
red,cookie,brown,6
,,,
school,teacher,school,6
,,,
dirty,water,dirty,6
,,,
curling,brush,hair,5
,,,
girl,kiss,NA,NA
,,,
brown,dirt,brown,6
,,,
circus,tent,camping,5
,,,
hot,macaroni,cold,5
,,,
dark,green,medium,6
,,,
cinnamon,stick,powder,5
,,,
ham,salad,chicken,6
,,,
roast,lamb,unroasted,6
,,,
school,girl,school,6
,,,
crispy,worm,soft,6
,,,
gold,weaver,NA,NA
,,,
yellow,hoop,black,5
,,,
honey,pie,apple,3
,,,
pencil,show,NA,NA
,,,
arrow,sign,arrow,3
,,,
track,suit,track,4
,,,
train,gate,fence,4
,,,
red,notebook,brown,5
,,,
oak,chest,wooden,4
,,,
navy,skirt,blue,5
,,,
pink,robe,white,5
,,,
thick,eyelash,medium,5
,,,
slide,leg,slide,2
,,,
cellar,door,room,7
,,,
maple,bar,iron,6
,,,
motorway,bridge,foot,5
,,,
cardboard,box,cardboard,5
,,,
freezing,road,normal,5
,,,
orange,tea,lemon,5
,,,
statue,toy,animal,3
,,,
crispy,brown,toasted,5
,,,
web,shooter,web,3
,,,
purple,bed,grey,4
,,,
wastepaper,basket,trash,5
,,,
snow,leopard,african,5
,,,
back,flip,back,5
,,,
purple,cup,clear,5
,,,
peach,juice,apple,4
,,,
sweet,chocolate,sweet,5
,,,
dark,line,dark,4
,,,
brown,egg,white,5
,,,
train,ride,car,5
,,,
red,room,grey,4
,,,
red,coral,white,5
,,,
dirty,tissue,clean,6
,,,
orange,glasses,NA,NA
,,,
orange,tube,toothpaste,4
,,,
explorer,suit,space,4
,,,
glass,table,wooden,6
,,,
colored,paper,white,6
,,,
trash,truck,transport,5
,,,
fuzzy,slipper,fuzzy,5
,,,
bottom,tooth,NA,NA
,,,
girl,bed,NA,NA
,,,
tennis,court,basketball,5
,,,
boxing,glove,ski,5
,,,
hot,mom,cool,5
,,,
feather,mattress,spring,5
,,,
jelly,fish,sea,6
,,,
tonic,water,soda,5
,,,
dirty,bowl,clean,6
,,,
dolphin,family,dolphin,5
,,,
stroller,toy,indoor,5
,,,
green,tail,brown,5
,,,
silver,bell,silver,4
,,,
red,flag,red,5
,,,
tattoo,heart,human,4
,,,
hot,water,cold,5
,,,
baby,penguin,adult,5
,,,
dress,piece,chess,4
,,,
smiley,guy,normal,5
,,,
hot,pepper,hot,6
,,,
farm,tractor,farm,7
,,,
curly,tail,straight,6
,,,
oatmeal,pie,apple,6
,,,
green,jacket,black,5
,,,
back,porch,front,5
,,,
thick,canopy,average,4
,,,
green,vegetable,green,5
,,,
purple,cat,white,5
,,,
dead,mommy,dead,5
,,,
baby,elephant,adult,5
,,,
bottom,lip,NA,NA
,,,
bird,cage,bird,4
,,,
thick,clip,medium,4
,,,
kitty,cat,adult,5
,,,
office,phone,mobile,6
,,,
bottom,row,NA,NA
,,,
brown,spot,brown,5
,,,
sun,lotion,skin,4
,,,
yellow,bill,green,6
,,,
brown,bear,black,5
,,,
garbage,can,garbage,5
,,,
rice,cake,vanilla,5
,,,
dancing,bud,NA,NA
,,,
hot,air,temperate,5
,,,
wooden,puzzle,wooden,5
,,,
piano,piece,chess,4
,,,
yellow,hair,brown,5
,,,
bear,mama,human,6
,,,
pink,eyeball,white,5
,,,
smiley,girl,normal,6
,,,
quarter,cup,empty,5
,,,
cum,store,NA,NA
,,,
marine,tank,army,5
,,,
teacher,day,normal,6
,,,
green,edge,black,5
,,,
paint,can,NA,NA
,,,
night,gown,night,4
,,,
cartoon,ring,real,6
,,,
ski,pants,daily,5
,,,
green,beard,brown,6
,,,
sugar,snack,savory,5
,,,
soup,kitchen,home,4
,,,
queen,crab,king,6
,,,
snow,book,NA,NA
,,,
hot,bowl,cool,5
,,,
turtle,shell,turtle,4
,,,
night,dress,day,5
,,,
snow,dog,NA,NA
,,,
dish,cloth,dish,4
,,,
cylinder,gas,cylinder,4
,,,
baby,stroller,baby,5
,,,
cursive,letter,print,6
,,,
yellow,dragon,red,5
,,,
grape,fruit,grape,5
,,,
red,sweet,red,4
,,,
green,scooter,silver,5
,,,
yellow,duckling,yellow,6
,,,
orange,sticker,white,4
,,,
dirty,crayon,clean,5
,,,
stone,cup,plastic,6
,,,
gold,ticket,paper,6
,,,
girl,hood,boy,5
,,,
giant,shadow,medium,4
,,,
concrete,driveway,concrete,5
,,,
purple,dinosaur,green,5
,,,
cereal,box,cardboard,4
,,,
moon,game,earth,7
,,,
girl,colors,boy,6
,,,
burnt,charcoal,burnt,7
,,,
train,station,train,6
,,,
boy,sock,man,5
,,,
wood,window,glass,6
,,,
green,triceratops,green,5
,,,
thick,model,thin,6
,,,
bottom,stair,NA,NA
,,,
kettle,drum,NA,NA
,,,
baby,bunny,adult,5
,,,
closet,door,room,6
,,,
brown,bread,white,5
,,,
corn,fan,NA,NA
,,,
pink,noodle,brown,5
,,,
purple,bunny,white,5
,,,
chip,cookie,chip,5
,,,
green,airplane,white,4
,,,
corner,house,NA,NA
,,,
bottom,cupboard,top,5
,,,
poison,berry,normal,5
,,,
plastic,bottle,plastic,6
,,,
pink,bubblegum,pink,6
,,,
yellow,pants,brown,5
,,,
cell,phone,cell,5
,,,
yellow,overalls,blue,4
,,,
fruit,sherry,fruit,5
,,,
cellar,key,car,5
,,,
tire,swing,rope,5
,,,
mommy,squirrel,mommy,5
,,,
round,case,rectangle,6
,,,
baby,food,adult,5
,,,
night,armadillo,day,5
,,,
orange,box,brown,6
,,,
back,alley,back,6
,,,
paper,cup,plastic,6
,,,
pound,note,dollar,5
,,,
vegetable,salad,chicken,4
,,,
college,lecturer,college,5
,,,
yellow,submarine,black,6
,,,
bunny,rabbit,adult,5
,,,
water,board,dry,6
,,,
ear,infection,ear,5
,,,
baby,piggy,baby,6
,,,
pecan,cluster,grape,6
,,,
yellow,man,yellow,5
,,,
green,jungle,green,7
,,,
broken,bag,working,6
,,,
nail,polish,nail,5
,,,
dead,fish,dead,4
,,,
pregnant,person,normal,5
,,,
thick,wood,medium,5
,,,
sea,green,sea,2
,,,
carrot,peel,banana,5
,,,
yarn,basket,NA,NA
,,,
walk,path,walk,5
,,,
purple,star,white,6
,,,
eight,piece,chess,3
,,,
bed,sheet,bed,5
,,,
pill,box,match,3
,,,
blackberry,patch,blueberry,5
,,,
fuzzy,teddy,fuzzy,6
,,,
red,color,blue,5
,,,
hind,leg,hind,5
,,,
jungle,gym,exercise,4
,,,
dirty,player,clean,4
,,,
curtain,window,curtain,6
,,,
cigar,smoke,cigarette,5
,,,
baby,boy,young,5
,,,
orange,sweater,brown,4
,,,
fudge,sundae,ice-cream,5
,,,
knitting,basket,gift,5
,,,
water,melon,water,6
,,,
garlic,bread,garlic,5
,,,
pole,light,ceiling,5
,,,
brown,syrup,golden,6
,,,
crispy,patty,uncooked,5
,,,
crescent,moon,NA,NA
,,,
gun,guard,security,6
,,,
bingo,game,card,5
,,,
marble,arch,stone,4
,,,
toy,train,diesel,5
,,,
dead,puppy,dead,4
,,,
red,clay,brown,5
,,,
silky,blanket,cotton,4
,,,
door,valve,pressure,5
,,,
plant,root,plant,6
,,,
mommy,fish,baby,6
,,,
pirate,flag,national,5
,,,
broken,balloon,unbroken,5
,,,
bright,orange,medium,4
,,,
red,scissors,NA,NA
,,,
egg,soup,tomato,4
,,,
fish,aquarium,fish,6
,,,
clothes,basket,laundry,5
,,,
garden,tool,house,5
,,,
sleep,walk,awake,6
,,,
blood,cell,blood,6
,,,
baby,ostrich,baby,4
,,,
dinner,table,picnic,5
,,,
purple,noodle,brown,5
,,,
cast,iron,cast,5
,,,
cry,baby,calm,4
,,,
baby,sheep,adult,5
,,,
green,room,grey,3
,,,
grey,boot,brown,3
,,,
pink,yogurt,white,4
,,,
pirate,movie,action,5
,,,
pink,shoe,black,4
,,,
wooden,hammer,metal,6
,,,
pet,toy,human,5
,,,
frozen,bean,unfrozen,4
,,,
fat,elephant,medium,5
,,,
dogs,biscuit,human,5
,,,
hot,coffee,warm,5
,,,
purple,lipstick,pink,6
,,,
stew,pot,stew,4
,,,
brown,table,brown,5
,,,
jellyfish,family,human,2
,,,
sleeping,bag,transport,5
,,,
hot,piggy,warm,5
,,,
multicolored,sign,white,5
,,,
dog,poop,human,4
,,,
farm,movie,action,5
,,,
green,hat,brown,5
,,,
green,flag,white,4
,,,
navy,coat,black,4
,,,
microwave,lid,box,5
,,,
flat,roof,sloped,6
,,,
green,park,green,6
,,,
red,stair,brown,5
,,,
path,hedge,path,3
,,,
plastic,track,rubber,4
,,,
dirty,banana,dirty,5
,,,
alphabet,block,plain,5
,,,
baby,parrot,adult,5
,,,
train,car,train,4
,,,
purple,snail,grey,5
,,,
green,zebra,white,4
,,,
horse,manure,cattle,5
,,,
yellow,cake,white,4
,,,
music,book,thriller,3
,,,
carrot,cake,chocolate,4
,,,
rolling,pin,bowling,5
,,,
yellow,top,NA,NA
,,,
giant,frog,medium,4
,,,
wooden,stick,wooden,7
,,,
dark,flower,light,6
,,,
home,county,new,6
,,,
green,book,brown,5
,,,
dirty,cave,dirty,6
,,,
pink,skirt,white,4
,,,
fat,mama,medium,5
,,,
green,dog,brown,4
,,,
cookie,bake,cookie,4
,,,
alphabet,puzzle,NA,NA
,,,
garden,shed,tool,4
,,,
night,crawler,night,5
,,,
orange,pop,cherry,4
,,,
pop,corn,unpopped,4
,,,
ox,tail,NA,NA
,,,
pound,hammer,bang,5
,,,
heart,attack,heart,6
,,,
brown,shoe,brown,4
,,,
jaw,bone,skull,7
,,,
red,lobster,red,5
,,,
cracker,box,cereal,4
,,,
green,thumb,tan,4
,,,
wig,hair,wig,5
,,,
caramel,sauce,chocolate,4
,,,
curly,head,normal,5
,,,
wet,grandpa,dry,6
,,,
slope,test,NA,NA
,,,
baby,panda,adult,5
,,,
gas,fire,wood,5
,,,
boy,tooth,NA,NA
,,,
yellow,handle,grey,3
,,,
marble,roll,NA,NA
,,,
twin,deck,single,5
,,,
potty,sticker,NA,NA
,,,
orange,plant,banana,3
,,,
coffee,machine,ice,3
,,,
jelly,container,butter,4
,,,
round,pumpkin,round,7
,,,
body,puppet,finger,5
,,,
daddy,waffle,NA,NA
,,,
giant,dump,medium,4
,,,
lobster,hat,dog,3
,,,
outside,world,outside,6
,,,
yellow,chicken,tan,5
,,,
bean,ball,rice,4
,,,
red,ice,blue,4
,,,
farm,shop,grocery,4
,,,
garlic,salt,sea,5
,,,
pink,honey,golden,5
,,,
weenie,firefly,NA,NA
,,,
fat,tummy,medium,4
,,,
cloud,smoke,cloud,6
,,,
car,boot,car,5
,,,
phone,line,phone,3
,,,
art,advisor,science,4
,,,
top,molar,NA,NA
,,,
wrapping,paper,wrapping,3
,,,
road,sign,road,4
,,,
hand,drive,foot,5
,,,
bloody,nose,clean,6
,,,
baby,bottle,adult,5
,,,
yellow,lip,red,6
,,,
pink,shorts,black,5
,,,
fire,alarm,fire,5
,,,
north,pole,NA,NA
,,,
dog,mama,human,5
,,,
wiggle,dancing,line,5
,,,
examination,board,examination,4
,,,
bull,ant,house,5
,,,
brown,cap,white,5
,,,
kid,ride,adult,5
,,,
yellow,ball,black,2
,,,
man,book,NA,NA
,,,
door,bell,door,3
,,,
dart,board,chess,3
,,,
puppet,baby,human,7
,,,
dinner,break,lunch,5
,,,
granite,horse,flesh,7
,,,
chest,plate,plastic,4
,,,
record,case,phone,3
,,,
whale,hat,sun,5
,,,
mommy,daddy,NA,NA
,,,
dinosaur,skull,human,3
,,,
tree,farm,rice,3
,,,
orange,kitty,gray,4
,,,
clown,nose,human,5
,,,
potty,break,bathroom,6
,,,
bread,basket,bread,3
,,,
giraffe,leg,human,3
,,,
fat,squirrel,medium,5
,,,
fish,guts,human,3
,,,
bubble,soap,bubble,5
,,,
fuzzy,creature,unfuzzy,4
,,,
basket,ball,base,5
,,,
red,wagon,red,4
,,,
matchbox,car,normal,6
,,,
jungle,ride,NA,NA
,,,
quiz,game,board,3
,,,
colored,green,NA,NA
,,,
gold,ring,silver,5
,,,
paint,drip,water,5
,,,
wet,slab,dry,6
,,,
green,blanket,white,4
,,,
oil,filter,water,3
,,,
tan,car,black,4
,,,
green,grasshopper,green,6
,,,
bowling,ball,soccer,4
,,,
hot,tap,moderate,5
,,,
onion,ring,onion,6
,,,
petrol,account,bank,5
,,,
thistle,patch,NA,NA
,,,
dirty,mommy,clean,6
,,,
bright,picture,medium,5
,,,
picture,book,word,6
,,,
step,stool,NA,NA
,,,
tree,branch,tree,6
,,,
apple,cookie,plain,4
,,,
bar,staff,factory,3
,,,
rock,crowd,human,6
,,,
dirty,bottom,dirty,5
,,,
bug,lift,NA,NA
,,,
onion,gravy,brown,5
,,,
skirt,stain,shirt,5
,,,
green,grape,green,4
,,,
night,sky,night,4
,,,
solid,feed,solid,5
,,,
sky,diving,water,6
,,,
pirate,hat,sun,5
,,,
giant,pillow,medium,5
,,,
green,side,NA,NA
,,,
green,shirt,gray,5
,,,
pink,mirror,reflective,7
,,,
red,ear,tan,5
,,,
blowing,bubble,blowed,4
,,,
grey,coat,black,5
,,,
giant,octopus,medium,4
,,,
dwarf,tree,normal,5
,,,
slippery,balloon,friction,5
,,,
baby,pumpkin,adult,5
,,,
jelly,sandwich,meat,5
,,,
octopus,video,human,6
,,,
hill,track,flat,7
,,,
fuzzy,pants,unfuzzy,5
,,,
spider,web,spider,6
,,,
pony,ride,horse,4
,,,
card,table,kitchen,4
,,,
giant,bean,normal,4
,,,
song,book,story,5
,,,
art,school,elementary,5
,,,
head,office,normal,5
,,,
tire,mold,NA,NA
,,,
bear,sleeping,human,3
,,,
ice,cube,ice,3
,,,
dead,fly,alive,4
,,,
dog,sticker,human,5
,,,
food,coloring,food,5
,,,
apple,farm,wheat,3
,,,
bedroom,bathroom,NA,NA
,,,
sweet,drink,nonsweet,5
,,,
hot,egg,temperate,6
,,,
beach,token,NA,NA
,,,
brown,basket,brown,5
,,,
candy,corn,plant,6
,,,
library,book,store,5
,,,
train,track,train,6
,,,
orange,wall,white,5
,,,
nylon,shirt,cotton,4
,,,
purple,pepperoni,red,6
,,,
muscle,tissue,connective,5
,,,
outside,line,inside,6
,,,
blind,mouse,sighted,6
,,,
coral,piece,NA,NA
,,,
key,board,circuit,5
,,,
water,filter,water,4
,,,
root,beer,alcoholic,6
,,,
turkey,chip,potato,5
,,,
grocery,store,grocery,4
,,,
back,seat,middle,4
,,,
lemon,skin,apple,3
,,,
fly,ball,foul,3
,,,
purple,baby,tan,3
,,,
plastic,piece,plastic,4
,,,
elephant,parade,human,6
,,,
purple,collar,blue,5
,,,
brown,shirt,black,4
,,,
outside,lane,outside,5
,,,
elephant,ear,human,3
,,,
paper,plate,plastic,3
,,,
solar,shop,NA,NA
,,,
coat,hanger,coat,5
,,,
comb,brooch,NA,NA
,,,
lighter,purple,medium,4
,,,
metal,plate,plastic,4
,,,
country,mansion,suburban,5
,,,
dolly,house,human,6
,,,
elephant,fly,house,3
,,,
green,bird,black,4
,,,
red,squirrel,brown,6
,,,
candy,cane,wooden,5
,,,
fat,man,medium,4
,,,
sewing,machine,factory,6
,,,
tobacco,tin,NA,NA
,,,
fuzzy,hair,straight,4
,,,
green,man,tan,5
,,,
green,ear,tan,5
,,,
ground,floor,ground,6
,,,
red,dress,red,3
,,,
stair,carpet,floor,4
,,,
chicken,wing,chicken,5
,,,
dancing,shoe,tennis,4
,,,
yellow,helicopter,black,5
,,,
wet,ball,dry,4
,,,
pink,oval,NA,NA
,,,
mommy,lion,NA,NA
,,,
green,guy,NA,NA
,,,
bank,note,bank,3
,,,
mulberry,tree,maple,2
,,,
orange,corner,NA,NA
,,,
dog,person,human,7
,,,
furry,tail,furry,5
,,,
dead,one,NA,NA
,,,
red,crayon,NA,NA
,,,
bright,shirt,medium,4
,,,
dark,eye,dark,5
,,,
fish,puzzle,human,6
,,,
hot,shit,cold,6
,,,
green,crayon,NA,NA
,,,
circus,train,freight,5
,,,
loaf,pan,frying,5
,,,
brown,hill,green,5
,,,
blond,boy,brunette,5
,,,
stone,letter,written,5
,,,
dirty,basement,dirty,4
,,,
burnt,cookie,baked,4
,,,
star,sticker,NA,NA
,,,
bedroom,house,bedroom,3
,,,
cloth,mum,NA,NA
,,,
pea,pod,peas,7
,,,
cargo,car,passenger,5
,,,
clothes,furnishing,NA,NA
,,,
dish,washer,clothes,4
,,,
cut,apple,uncut,6
,,,
tape,measure,NA,NA
,,,
red,bin,gray,5
,,,
yellow,skull,white,7
,,,
thick,piece,medium,4
,,,
potato,pie,apple,3
,,,
explorer,guy,normal,5
,,,
red,coat,black,4
,,,
plastic,toy,plastic,5
,,,
quarry,tile,NA,NA
,,,
puppet,stage,theater,5
,,,
thick,mud,medium,4
,,,
table,cloth,NA,NA
,,,
baby,blanket,adult,6
,,,
square,face,round,6
,,,
fruit,machine,NA,NA
,,,
smooch,dance,NA,NA
,,,
outside,house,outside,7
,,,
hair,cap,NA,NA
,,,
purple,dog,brown,4
,,,
tooth,fairy,tooth,5
,,,
wet,pants,dry,6
,,,
flat,side,round,5
,,,
green,lawn,green,5
,,,
salty,egg,unsalted,6
,,,
peach,material,NA,NA
,,,
thick,loaf,medium,5
,,,
fat,lady,medium,5
,,,
letter,puzzle,jigsaw,4
,,,
chocolate,chip,potato,5
,,,
pink,tongue,pink,7
,,,
red,nose,tan,3
,,,
green,ball,black,3
,,,
hot,tub,cold,5
,,,
gingerbread,recipe,cookie,3
,,,
drawing,table,kitchen,4
,,,
red,marker,black,3
,,,
gas,pipe,water,3
,,,
giant,present,medium,4
,,,
dark,forest,medium,3
,,,
purple,block,NA,NA
,,,
orange,suit,black,5
,,,
yellow,guitar,brown,6
,,,
shoe,room,clothes,4
,,,
grey,suite,gold,3
,,,
chocolate,eclair,chocolate,6
,,,
stamp,pad,NA,NA
,,,
bagel,dog,NA,NA
,,,
tree,frog,ground,5
,,,
sugar,bowl,empty,5
,,,
moist,soil,dry,5
,,,
kitchen,floor,house,5
,,,
jelly,doughnut,plain,4
,,,
hot,bath,warm,4
,,,
pink,square,NA,NA
,,,
hot,fry,frozen,5
,,,
color,sand,NA,NA
,,,
rock,music,pop,3
,,,
flower,stem,flower,5
,,,
yellow,ring,silver,3
,,,
north,king,NA,NA
,,,
baby,room,adult,5
,,,
pirate,sword,soldier,6
,,,
pencil,sharpener,pencil,3
,,,
oval,face,oval,6
,,,
door,grill,NA,NA
,,,
navy,shorts,gray,3
,,,
children,adult,NA,NA
,,,
building,downtown,NA,NA
,,,
town,dump,town,5
,,,
yellow,barrel,brown,6
,,,
stall,light,house,4
,,,
elephant,ride,horse,6
,,,
pink,rake,gray,4
,,,
sheet,side,NA,NA
,,,
breast,lump,NA,NA
,,,
red,house,white,2
,,,
bottom,piece,NA,NA
,,,
tooth,paste,tooth,3
,,,
carpet,shampoo,hair,5
,,,
grease,mark,NA,NA
,,,
orange,frosting,white,5
,,,
camera,eye,human,4
,,,
hot,lava,hot,6
,,,
butterfly,catcher,ant,5
,,,
metal,bath,ceramic,5
,,,
rubber,band,rubber,4
,,,
leaf,cake,NA,NA
,,,
green,bug,black,3
,,,
green,airship,white,4
,,,
green,ring,silver,3
,,,
wooden,board,wooden,6
,,,
lacing,piece,NA,NA
,,,
rabbit,hole,ant,4
,,,
broken,ride,working,5
,,,
purple,raindrop,clear,5
,,,
hot,tray,cool,5
,,,
letter,block,plain,6
,,,
plastic,ball,rubber,4
,,,
fly,swatter,fly,5
,,,
toy,lizard,NA,NA
,,,
daddy,crown,NA,NA
,,,
green,marble,white,5
,,,
wet,kiss,wet,6
,,,
lunch,box,lunch,6
,,,
sweet,tooth,sweet,6
,,,
bottom,bunk,NA,NA
,,,
dinosaur,foot,human,3
,,,
elephant,trunk,NA,NA
,,,
pink,kitty,white,5
,,,
apple,butter,peanut,6
,,,
green,flower,red,3
,,,
bed,room,bed,3
,,,
building,block,plain,4
,,,
ball,tent,NA,NA
,,,
daddy,hand,NA,NA
,,,
street,lighting,house,4
,,,
yellow,stripe,NA,NA
,,,
pink,chair,brown,5
,,,
grocery,cart,grocery,4
,,,
gingerbread,man,human,6
,,,
food,container,NA,NA
,,,
flower,pants,NA,NA
,,,
wheat,flour,wheat,5
,,,
brown,penny,brown,6
,,,
purple,animal,NA,NA
,,,
flower,tree,leaf,6
,,,
lemon,juice,orange,5
,,,
yellow,room,white,4
,,,
daddy,hippo,NA,NA
,,,
road,license,road,4
,,,
juice,drop,water,6
,,,
washing,line,NA,NA
,,,
purple,present,NA,NA
,,,
girl,mommy,girl,7
,,,
hair,dryer,clothes,5
,,,
mommy,goat,NA,NA
,,,
sweet,tasting,normal,5
,,,
red,controller,NA,NA
,,,
juicy,pear,unripe,5
,,,
brown,cow,white,5
,,,
garden,chair,indoor,5
,,,
broken,toenail,unbroken,6
,,,
saucepan,spoon,kitchen,5
,,,
animal,fat,animal,5
,,,
page,moderator,NA,NA
,,,
icecream,maker,NA,NA
,,,
snow,seal,sea,7
,,,
paper,model,plastic,5
,,,
king,man,citizen,6
,,,
monkey,bar,human,6
,,,
curly,string,straight,5
,,,
bubble,wand,bubble,4
,,,
pink,color,NA,NA
,,,
purple,diamond,clear,5
,,,
tightrope,walker,park,5
,,,
attic,room,bed,3
,,,
red,flower,red,3
,,,
thick,hair,average,4
,,,
burnt,toast,unburnt,5
,,,
red,heart,red,7
,,,
color,marker,color,7
,,,
screen,door,wooden,5
,,,
baby,piglet,baby,5
,,,
popsicle,stick,tree,6
,,,
pet,store,grocery,5
,,,
hotel,breakfast,home,6
,,,
light,saber,metal,5
,,,
world,sea,NA,NA
,,,
violet,light,white,4
,,,
ice,hockey,ice,5
,,,
brass,wire,fiber-optic,6
,,,
purple,bag,brown,3
,,,
purple,sock,white,5
,,,
country,air,country,6
,,,
meatball,dinner,NA,NA
,,,
back,door,front,3
,,,
mommy,shoe,NA,NA
,,,
round,pond,round,6
,,,
fax,machine,printer,5
,,,
wax,paper,parchment,3
,,,
daddy,bug,NA,NA
,,,
sweat,pants,normal,5
,,,
plastic,cupboard,wooden,6
,,,
drawing,board,NA,NA
,,,
red,cup,clear,3
,,,
baby,toy,kid,5
,,,
air,plane,air,6
,,,
dragon,boy,human,7
,,,
picnic,food,dinner,4
,,,
green,worktop,brown,3
,,,
tom,cat,NA,NA
,,,
barn,door,house,5
,,,
dirty,clothes,clean,5
,,,
sea,food,land,5
,,,
pile,driver,NA,NA
,,,
dirty,basket,clean,6
,,,
plastic,train,metal,6
,,,
square,net,round,5
,,,
fax,phone,cell,5
,,,
music,instrument,music,5
,,,
timber,fencing,wood,6
,,,
green,color,NA,NA
,,,
apple,snack,banana,3
,,,
chocolate,raisin,plain,6
,,,
goldfish,soup,NA,NA
,,,
flaming,shake,NA,NA
,,,
cherry,popsicle,cherry,5
,,,
top,corner,NA,NA
,,,
crocodile,dinner,human,3
,,,
sweet,violet,NA,NA
,,,
toilet,handle,door,4
,,,
karate,kick,exercise,4
,,,
red,panda,NA,NA
,,,
bunny,sleeping,human,3
,,,
baby,exercise,adult,6
,,,
purple,trunk,gray,5
,,,
brown,circle,NA,NA
,,,
petrol,station,gas,4
,,,
sweet,hay,stale,5
,,,
fish,pond,empty,5
,,,
pop,guns,bullet,5
,,,
caravan,season,NA,NA
,,,
kids,dance,adults,4
,,,
holly,wreath,evergreen,5
,,,
thistle,spud,potato,7
,,,
student,bar,adult,5
,,,
hot,oven,cold,6
,,,
clothes,line,clothes,3
,,,
pumpkin,bear,NA,NA
,,,
garden,toolbox,house,5
,,,
green,line,NA,NA
,,,
back,ride,front,3
,,,
cut,tree,uncut,6
,,,
chicken,nugget,chicken,5
,,,
dirty,dish,clean,5
,,,
oval,ball,round,6
,,,
roof,ventilation,wall,4
,,,
cod,oil,salmon,3
,,,
bat,file,NA,NA
,,,
wooden,door,wooden,5
,,,
flat,timber,flat,6
,,,
plaid,coat,plain,5
,,,
pop,star,NA,NA
,,,
lilac,jade,NA,NA
,,,
world,cup,regional,5
,,,
smoke,machine,factory,5
,,,
purple,dolphin,gray,6
,,,
hot,pickle,cold,6
,,,
pink,star,white,6
,,,
radio,repair,phone,5
,,,
purple,pillow,white,5
,,,
basketball,hoop,basketball,3
,,,
swimming,teacher,school,6
,,,
round,field,square,5
,,,
taxi,driver,personal,6
,,,
yellow,squash,orange,4
,,,
blind,corner,sighted,5
,,,
pink,spider,black,5
,,,
red,worm,tan,4
,,,
baby,game,adult,6
,,,
chief,advisor,junior,5
,,,
round,table,rectangular,4
,,,
star,command,earth,7
,,,
giant,worm,medium,5
,,,
dirty,panty,clean,5
,,,
chip,pan,NA,NA
,,,
skittle,gum,bubble,5
,,,
singing,dog,silent,7
,,,
dirty,slide,dirty,5
,,,
honey,bunny,honey,5
,,,
gift,shop,grocery,4
,,,
house,pig,outside,7
,,,
coral,bed,down,5
,,,
puddle,boot,dry,6
,,,
green,bowl,white,5
,,,
wash,basin,wash,3
,,,
tar,pit,dirt,5
,,,
orange,cake,white,5
,,,
red,meat,white,5
,,,
bronze,sword,iron,6
,,,
yellow,egg,white,6
,,,
circus,car,normal,5
,,,
wet,rain,wet,7
,,,
bedroom,bungalow,NA,NA
,,,
pirate,girl,civilian,6
,,,
wrist,watch,wrist,6
,,,
guy,scream,NA,NA
,,,
snow,clothes,dry,6
,,,
bottom,edge,NA,NA
,,,
pirate,show,human,5
,,,
purple,card,white,5
,,,
toy,car,real,6
,,,
pink,phone,gray,4
,,,
square,knot,overhand,4
,,,
worker,man,worker,5
,,,
dragon,attack,human,6
,,,
apple,sauce,apple,5
,,,
cataract,operation,heart,4
,,,
plastic,bowl,ceramic,5
,,,
panda,bear,black,5
,,,
green,dinosaur,NA,NA
,,,
dinner,bowl,dinner,3
,,,
leather,coat,puffy,4
,,,
entrance,hall,room,5
,,,
fruit,juice,fruit,6
,,,
ocean,floor,ocean,6
,,,
hot,muffin,cold,5
,,,
dark,cloud,light,5
,,,
vitamin,drop,water,6
,,,
body,shop,NA,NA
,,,
pig,boil,pig,3
,,,
garage,door,room,5
,,,
paddle,game,ball,5
,,,
hot,spice,hot,6
,,,
heart,plate,NA,NA
,,,
brake,light,front,4
,,,
purple,spider,black,6
,,,
giant,meteor,medium,4
,,,
yellow,puppy,brown,5
,,,
library,picture,NA,NA
,,,
sister,elephant,NA,NA
,,,
motor,caravan,motor,5
,,,
dark,ceiling,light,4
,,,
red,basket,brown,5
,,,
purple,hat,black,4
,,,
lip,stick,chap,5
,,,
green,card,white,5
,,,
bus,ride,car,5
,,,
bug,bite,bug,6
,,,
dog,dish,human,6
,,,
hot,body,warm,5
,,,
baby,sweater,adult,6
,,,
triceratops,sand,NA,NA
,,,
fare,crossing,NA,NA
,,,
coral,snake,garter,5
,,,
fat,piece,medium,4
,,,
green,cat,white,5
,,,
stone,wall,stone,4
,,,
furry,caterpillar,hairless,4
,,,
phone,bill,water,5
,,,
red,light,white,4
,,,
money,tree,leaf,6
,,,
red,balloon,red,4
,,,
sunny,day,sunny,3
,,,
wall,tiling,floor,5
,,,
wet,hair,dry,5
,,,
cock,eye,open,5
,,,
foot,lounge,NA,NA
,,,
wedding,dress,work,4
,,,
nap,video,awake,6
,,,
red,knight,NA,NA
,,,
book,paperback,book,7
,,,
bedroom,window,building,6
,,,
hillbilly,baby,suburban,4
,,,
quarter,past,NA,NA
,,,
red,tie,white,4
,,,
skunk,burger,cow,6
,,,
blueberry,pie,apple,3
,,,
chalk,board,white,5
,,,
baby,lion,adult,5
,,,
yellow,snow,white,6
,,,
carp,family,human,5
,,,
herb,garden,herb,5
,,,
alcove,bedroom,NA,NA
,,,
swimming,suit,work,4
,,,
fruit,tree,leaf,6
,,,
note,card,note,5
,,,
yellow,screw,gray,6
,,,
hash,brown,hash,5
,,,
sugar,plum,plain,6
,,,
potato,skin,NA,NA
,,,
chamber,pot,NA,NA
,,,
orange,beak,NA,NA
,,,
fairy,lady,human,7
,,,
rice,milk,cow,5
,,,
grape,juice,orange,5
,,,
round,edge,sharp,5
,,,
water,fountain,water,6
,,,
office,chair,school,5
,,,
foot,pool,body,5
,,,
yellow,tube,white,4
,,,
yellow,knight,NA,NA
,,,
day,pastor,day,6
,,,
whale,squirt,NA,NA
,,,
pink,paint,white,4
,,,
cookie,sandwich,bread,6
,,,
giant,truck,medium,4
,,,
flower,bed,flower,5
,,,
yellow,wheel,black,5
,,,
dark,side,NA,NA
,,,
gold,balloon,red,4
,,,
lemon,soda,grape,4
,,,
purple,stage,black,5
,,,
cream,cake,NA,NA
,,,
puppy,food,human,6
,,,
baby,heart,adult,5
,,,
smiley,ball,plain,6
,,,
gold,guy,flesh,7
,,,
varnish,stripper,NA,NA
,,,
purple,square,NA,NA
,,,
red,phone,gray,4
,,,
brown,pumpkin,orange,6
,,,
flower,petal,flower,6
,,,
instrument,panel,instrument,4
,,,
giant,saucer,medium,1
,,,
face,painting,canvas,4
,,,
curve,piece,straight,3
,,,
raisin,bun,plain,6
,,,
milk,bar,alcohol,6
,,,
pink,diamond,clear,5
,,,
back,window,front,4
,,,
apple,green,NA,NA
,,,
outside,edge,NA,NA
,,,
string,puppet,sock,4
,,,
green,tower,NA,NA
,,,
rolling,ball,rolling,7
,,,
rain,storm,rain,5
,,,
green,popsicle,red,5
,,,
hot,pants,cool,6
,,,
light,lunch,medium,5
,,,
light,ball,dark,5
,,,
hammer,fork,NA,NA
,,,
farm,game,city,4
,,,
caterpillar,walking,human,3
,,,
wet,day,dry,5
,,,
red,roof,black,5
,,,
pink,collar,blue,5
,,,
top,coat,top,7
,,,
bear,walking,human,4
,,,
flower,box,NA,NA
,,,
kid,cartoon,kid,6
,,,
yellow,paper,white,6
,,,
skating,girl,standing,4
,,,
dead,brother,alive,5
,,,
lady,song,lady,5
,,,
pink,ear,tan,4
,,,
cookie,dough,bread,4
,,,
light,green,medium,5
,,,
edge,piece,center,5
,,,
computer,scientist,NA,NA
,,,
orange,star,white,6
,,,
farmer,lady,NA,NA
,,,
troll,bridge,traveler,7
,,,
fire,truck,personal,4
,,,
slate,mine,iron,5
,,,
brown,barn,red,4
,,,
gold,game,NA,NA
,,,
police,car,civilian,6
,,,
tan,lotion,skin,5
,,,
rectangle,diamond,round brilliant,6
,,,
baby,basket,food,5
,,,
broken,piece,working,6
,,,
thick,person,medium,5
,,,
fish,book,human,7
,,,
purple,lollipop,red,4
,,,
hot,pot,cool,6
,,,
hall,servant,house,6
,,,
crispy,piece,NA,NA
,,,
dictionary,writer,book,5
,,,
thick,sandwich,medium,5
,,,
square,block,rectangular,6
,,,
puppy,dog,adult,5
,,,
farmer,truck,normal,5
,,,
yellow,baby,NA,NA
,,,
hot,plastic,cold,6
,,,
hot,mommy,cool,5
,,,
mud,puddle,water,6
,,,
arcade,music,NA,NA
,,,
green,field,green,5
,,,
cocktail,side,NA,NA
,,,
telephone,box,telephone,5
,,,
quarter,inch,NA,NA
,,,
coffee,cake,plain,5
,,,
picnic,meal,home,4
,,,
ice,tea,warm,5
,,,
baby,spoon,adult,5
,,,
yellow,page,white,6
,,,
crystal,cave,rock,5
,,,
light,wood,dark,4
,,,
green,finger,NA,NA
,,,
block,building,block,4
,,,
baby,doll,baby,5
,,,
elephant,trumpeting,human,5
,,,
yellow,rain,clear,7
,,,
yard,clipping,NA,NA
,,,
back,garden,back,5
,,,
green,path,brown,5
,,,
red,cutter,NA,NA
,,,
snow,ninja,dry,5
,,,
nose,guy,NA,NA
,,,
airplane,ride,car,5
,,,
fish,jump,frog,4
,,,
green,overalls,blue,5
,,,
stump,grinder,NA,NA
,,,
singing,mama,silent,5
,,,
pink,clothes,NA,NA
,,,
dirty,hand,dirty,5
,,,
drum,stick,tree,6
,,,
bear,cave,empty,6
,,,
green,pants,gray,5
,,,
hot,bun,cool,5
,,,
pink,satin,NA,NA
,,,
daddy,ear,NA,NA
,,,
varnish,paint,color,6
,,,
silver,car,black,4
,,,
giant,puzzle,medium,4
,,,
red,pot,brown,5
,,,
guy,wizard,guy,7
,,,
red,door,brown,4
,,,
picture,frame,picture,4
,,,
infant,teacher,adult,7
,,,
lizard,mom,human,3
,,,
lion,dung,human,3
,,,
orange,nose,NA,NA
,,,
puzzle,pile,NA,NA
,,,
hot,fire,hot,7
,,,
iron,sword,iron,6
,,,
gold,map,green,4
,,,
grandfather,clock,NA,NA
,,,
whisky,drop,water,6
,,,
paint,brush,hair,4
,,,
solid,rain,liquid,7
,,,
human,body,human,3
,,,
dead,plant,alive,5
,,,
tea,cup,water,5
,,,
dirty,blanket,clean,5
,,,
chip,machine,NA,NA
,,,
leopard,seal,harbor,5
,,,
baby,leaf,adult,4
,,,
yellow,circle,NA,NA
,,,
food,chain,NA,NA
,,,
fire,exit,building,6
,,,
mutant,peacock,normal,6
,,,
red,drum,NA,NA
,,,
yellow,parrot,red,5
,,,
dirty,plate,clean,5
,,,
round,track,straight,6
,,,
slippery,sock,frictiony,4
,,,
baby,dog,adult,5
,,,
paw,print,foot,4
,,,
red,towel,white,5
,,,
guy,robot,NA,NA
,,,
red,stripe,NA,NA
,,,
dirty,pants,clean,5
,,,
red,track,red,6
,,,
meteor,crater,meteor,6
,,,
carpet,shop,NA,NA
,,,
green,candy,NA,NA
,,,
thorn,bush,smooth,6
,,,
hand,bag,NA,NA
,,,
yellow,line,NA,NA
,,,
green,frosting,white,5
,,,
square,pan,circle,6
,,,
pointy,tree,round,5
,,,
purple,necklace,silver,3
,,,
cotton,candy,NA,NA
,,,
top,hat,baseball,4
,,,
potato,plant,fern,3
,,,
color,popsicle,NA,NA
,,,
red,hole,brown,6
,,,
wall,clock,wall,6
,,,
tea,pot,cooking,5
,,,
frog,toy,human,6
,,,
blooming,herb,ripening,5
,,,
bottom,shelf,middle,5
,,,
cup,cake,pan,5
,,,
pink,brush,black,4
,,,
purple,boot,brown,5
,,,
fruit,snack,processed,5
,,,
brown,coffee,brown,6
,,,
yellow,sleeve,NA,NA
,,,
umbrella,handle,door,4
,,,
purple,tower,NA,NA
,,,
hot,cocoa,cool,6
,,,
animal,cracker,plain,6
,,,
broken,bridge,working,4
,,,
kid,scissors,adult,5
,,,
dog,book,human,6
,,,
furnishings,gift,NA,NA
,,,
man,face,NA,NA
,,,
light,horse,dark,4
,,,
phone,ring,phone,5
,,,
red,top,NA,NA
,,,
kids,block,kids,5
,,,
giant,mess,medium,5
,,,
rolling,robot,stationary,6
,,,
elephant,eye,ant,4
,,,
lounge,window,NA,NA
,,,
green,strawberry,green,4
,,,
oven,door,room,6
,,,
dirty,girl,clean,6
,,,
camera,man,NA,NA
,,,
maple,syrup,maple,5
,,,
pink,dinosaur,green,3
,,,
traffic,jam,NA,NA
,,,
mail,card,note,4
,,,
rope,ladder,metal,4
,,,
broken,cracker,whole,5
,,,
wooden,button,plastic,6
,,,
flat,edge,sharp,5
,,,
kid,toy,kid,6
,,,
milk,man,NA,NA
,,,
dancing,troop,scout,3
,,,
sinus,infection,viral,NA
,,,
back,yard,back,5
,,,
arm,pit,finger,5
,,,
guy,talking,NA,NA
,,,
day,game,day,6
,,,
photo,album,song,3
,,,
outside,guy,inside,5
,,,
spaghetti,meatball,spaghetti,4
,,,
kitchen,sink,kitchen,5
,,,
corner,piece,NA,NA
,,,
purple,octagon,NA,NA
,,,
diving,board,surf,4
,,,
garden,worm,wild,6
,,,
bright,star,faint,5
,,,
patio,door,room,6
,,,
brown,eye,brown,5
,,,
banana,bread,NA,NA
,,,
enamel,shell,calcium,7
,,,
furry,tummy,hairless,6
,,,
solar,eclipse,lunar,6
,,,
purple,flower,green,5
,,,
drop,curtain,NA,NA
,,,
bull,frog,common,4
,,,
purple,purse,black,4
,,,
video,camera,photo,5
,,,
orange,animal,brown,5
,,,
rag,doll,baby,3
,,,
yellow,sun,yellow,6
,,,
clothes,hamper,clothes,6
,,,
cookie,cutter,pizza,3
,,,
green,bow,white,3
,,,
plastic,card,plastic,5
,,,
giant,shoe,medium,5
,,,
pink,pipe,grey,5
,,,
orange,skittle,red,2
,,,
head,louse,NA,NA
,,,
purple,candy,red,5
,,,
orange,square,NA,NA
,,,
cooker,gas,NA,NA
,,,
locked,closet,unlocked,5
,,,
red,ant,brown,5
,,,
box,office,home,5
,,,
orange,frog,green,6
,,,
mop,head,NA,NA
,,,
puppy,doggy,adult,5
,,,
tool,repair,tool,6
,,,
color,page,NA,NA
,,,
hip,bone,NA,NA
,,,
red,ladybug,red,6
,,,
red,wheel,black,5
,,,
purple,bat,brown,5
,,,
cake,shop,NA,NA
,,,
picture,hook,real,6
,,,
crusty,roll,plain,5
,,,
bright,tail,dark,5
,,,
daddy,gorilla,single,4
,,,
ladies,toilet,NA,NA
,,,
gravel,pile,dirt,3
,,,
dog,stand,human,5
,,,
clock,piece,NA,NA
,,,
yellow,shirt,grey,4
,,,
velvety,horse,velvety,6
,,,
purple,cabbage,green,5
,,,
dirty,mouth,clean,4
,,,
top,trainer,top,5
,,,
birth,present,birthday,5
,,,
dark,sky,light,4
,,,
coffee,milk,NA,NA
,,,
baby,bounce,child,5
,,,
scar,scar,NA,NA
,,,
battery,drawer,charger,5
,,,
circus,truck,NA,NA
,,,
room,table,room,6
,,,
boa,constrictor,boa,7
,,,
car,transporter,truck,5
,,,
bleeding,finger,healed,6
,,,
human,head,ant,4
,,,
ball,bounce,ball,5
,,,
yellow,light,yellow,5
,,,
tree,trunk,tree,6
,,,
ball,bearing,ball,6
,,,
sweat,gland,sweat,5
,,,
call,line,call,4
,,,
bin,liner,vinyl,5
,,,
red,brush,black,4
,,,
digger,truck,transport,5
,,,
shovel,honey,NA,NA
,,,
cheese,pie,apple,5
,,,
night,spider,night,6
,,,
store,lady,NA,NA
,,,
teddy,bear,teddy,6
,,,
medication,honey,recreational,6
,,,
school,book,recreational,5
,,,
goldfish,day,NA,NA
,,,
toy,boy,real,6
,,,
pink,girl,tan,3
,,,
people,town,people,7
,,,
worm,soup,chicken,4
,,,
pink,worm,pink,6
,,,
egg,shell,clam,3
,,,
baby,song,adult,6
,,,
furry,face,furry,5
,,,
brown,mountain,green,5
,,,
red,coloring,red,5
,,,
patio,barbecue,backyard,5
,,,
blonde,hair,brown,6
,,,
top,lid,top,6
,,,
wooden,reel,plastic,4
,,,
iron,leg,flesh,6
,,,
baby,crayon,child,5
,,,
train,line,air,4
,,,
birth,day,every,6
,,,
doctor,kit,NA,NA
,,,
door,key,door,4
,,,
bus,fare,bus,5
,,,
solid,piece,solid,5
,,,
fish,soup,chicken,4
,,,
princess,bed,commoner,6
,,,
top,edge,NA,NA
,,,
turkey,sandwich,turkey,3
,,,
timer,switch,untimed,5
,,,
red,mouse,NA,NA
,,,
green,garbage,grey,6
,,,
wet,bird,dry,5
,,,
yellow,pepper,black,3
,,,
dalmatian,dog,bulldog,3
,,,
red,fence,brown,3
,,,
daddy,pirate,daddy,4
,,,
brown,clump,brown,5
,,,
red,airplane,white,6
,,,
military,police,civilian,5
,,,
red,orange,orange,6
,,,
bear,hunt,deer,4
,,,
red,triangle,NA,NA
,,,
gas,station,gas,5
,,,
pink,flamingo,pink,6
,,,
yellow,tree,green,5
,,,
satellite,dish,satellite,6
,,,
cigar,smoking,cigarette,5
,,,
dance,music,dance,5
,,,
candy,bar,nutrition,4
,,,
egg,box,milk,5
,,,
sand,box,NA,NA
,,,
pet,cage,pet,5
,,,
yellow,coral,brown,4
,,,
dark,hair,dark,5
,,,
vegetable,oil,vegetable,5
,,,
green,picture,NA,NA
,,,
green,baby,tan,3
,,,
pant,leg,pant,6
,,,
hedge,cutter,NA,NA
,,,
beef,hash,NA,NA
,,,
plastic,box,cardboard,5
,,,
green,nose,tan,3
,,,
brown,sauce,brown,5
,,,
yellow,coloring,red,5
,,,
hot,lunch,cold,5
,,,
fish,stall,NA,NA
,,,
wire,sandwich,NA,NA
,,,
bright,color,dark,5
,,,
bathroom,window,room,5
,,,
hot,ride,NA,NA
,,,
tub,seat,NA,NA
,,,
draw,picture,photo,6
,,,
water,pipe,oil,4
,,,
safari,hat,sun,5
,,,
hot,seat,temperate,5
,,,
top,step,middle,6
,,,
spider,ring,human,6
,,,
bottom,corner,NA,NA
,,,
cotton,ball,plastic,5
,,,
record,button,NA,NA
,,,
doll,baby,real,5
,,,
cat,product,human,6
,,,
rusty,bucket,clean,4
,,,
gun,runner,NA,NA
,,,
washing,machine,washing,4
,,,
naked,butt,clothed,6
,,,
cabbage,leaf,fern,2
,,,
dirty,sock,clean,4
,,,
karate,chop,karate,3
,,,
yard,tent,NA,NA
,,,
goat,boy,human,3
,,,
father,duck,father,5
,,,
pink,rattle,grey,5
,,,
witch,hair,NA,NA
,,,
crane,station,NA,NA
,,,
toy,store,NA,NA
,,,
dark,ball,light,5
,,,
pink,corner,NA,NA
,,,
truck,piece,car,5
,,,
red,jumper,grey,4
,,,
pink,dot,black,5
,,,
money,card,money,3
,,,
teapot,water,NA,NA
,,,
chocolate,cake,vanilla,4
,,,
person,game,person,6
,,,
sea,urchin,sea,7
,,,
red,broccoli,green,5
,,,
bus,ticket,bus,4
,,,
rock,pool,cement,6
,,,
red,dragon,red,1
,,,
movie,camera,photo,5
,,,
flat,mouth,curved,6
,,,
salmon,leaping,deer,2
,,,
outside,person,inside,4
,,,
tin,tray,plastic,5
,,,
hand,glove,hand,7
,,,
scout,group,NA,NA
,,,
guy,beard,guy,7
,,,
silver,beard,grey,5
,,,
smoke,stack,smoke,5
,,,
rain,glasses,sun,4
,,,
zucchini,plant,fern,3
,,,
purple,bud,green,5
,,,
cash,till,NA,NA
,,,
pink,dragon,red,1
,,,
girl,case,NA,NA
,,,
orange,cutter,apple,3
,,,
kitchen,door,room,6
,,,
pear,skin,potato,4
,,,
dirty,hamper,dirty,6
,,,
orange,sunset,orange,6
,,,
hot,wood,cool,5
,,,
dirty,penny,dirty,6
,,,
dirty,cup,clean,5
,,,
apple,oatmeal,maple,4
,,,
olive,green,dark,5
,,,
pear,juice,apple,5
,,,
water,spout,water,6
,,,
bacon,crisp,bacon,5
,,,
knife,edge,knife,6
,,,
green,crunch,NA,NA
,,,
doggy,bone,human,3
,,,
yellow,eye,brown,5
,,,
yellow,apple,red,5
,,,
farm,channel,NA,NA
,,,
boy,seat,NA,NA
,,,
machine,chap,NA,NA
,,,
eye,ball,eye,5
,,,
thick,branch,medium,5
,,,
sunny,path,shaded,4
,,,
back,step,NA,NA
,,,
brown,tail,brown,4
,,,
gravel,border,NA,NA
,,,
pink,tights,black,5
,,,
store,room,NA,NA
,,,
frog,outfit,human,7
,,,
yellow,hay,yellow,6
,,,
red,strawberry,red,6
,,,
dead,turtle,alive,5
,,,
inch,square,NA,NA
,,,
shell,suit,cloth,6
,,,
honey,doll,plastic,5
,,,
ceiling,rose,garden,5
,,,
baby,meat,adult,5
,,,
flat,surface,rough,6
,,,
fat,head,medium,5
,,,
circus,officer,NA,NA
,,,
sweet,baby,smelly,3
,,,
purple,grape,green,5
,,,
pencil,eraser,pencil,5
,,,
tie,back,NA,NA
,,,
massage,table,corporate,4
,,,
orange,leaf,green,6
,,,
sand,sheep,NA,NA
,,,
red,side,NA,NA
,,,
red,caboose,red,5
,,,
pink,window,clear,6
,,,
sweet,pea,plain,5
,,,
orange,angelfish,silver,5
,,,
cork,tile,NA,NA
,,,
bleeding,head,healed,6
,,,
brown,fur,brown,5
,,,
mommy,elephant,single,4
,,,
daddy,glasses,adult,6
,,,
round,tree,straight,6
,,,
red,bear,black,5
,,,
laundry,basket,laundry,3
,,,
egg,white,egg,5
,,,
peacock,body,ant,4
,,,
green,plant,green,6
,,,
dead,worm,alive,5
,,,
dog,food,human,4
,,,
wine,sherry,wine,7
,,,
swimming,guy,sitting,3
,,,
sign,gate,NA,NA
,,,
animal,magazine,human,5
,,,
furry,fuzzy,furry,6
,,,
dinosaur,hunt,deer,5
,,,
food,shopping,food,4
,,,
draw,bridge,beam,5
,,,
bath,door,room,6
,,,
triangle,piece,NA,NA
,,,
baby,brother,middle,5
,,,
purple,boxcar,brown,5
,,,
broken,arm,working,6
,,,
sickle,cell,round,6
,,,
snow,boot,NA,NA
,,,
orange,heart,red,5
,,,
hot,chicken,cool,5
,,,
ash,tray,food,5
,,,
radio,cassette,song,6
,,,
gold,reindeer,brown,6
,,,
unbuttoned,jacket,unbuttoned,5
,,,
cigar,box,NA,NA
,,,
frozen,water,liquid,6
,,,
red,fruit,red,3
,,,
yellow,drum,white,5
,,,
lighter,hair,darker,6
,,,
mashed,potato,unmashed,6
,,,
oat,porridge,oat,4
,,,
festival,company,NA,NA
,,,
flat,piece,NA,NA
,,,
college,downtown,city,6
,,,
pony,tail,NA,NA
,,,
giant,thorn,medium,4
,,,
sunny,spot,shady,5
,,,
orange,pants,grey,5
,,,
vanilla,chocolate,NA,NA
,,,
cheese,pizza,cheese,5
,,,
circus,animal,wild,6
,,,
plastic,circle,NA,NA
,,,
chicken,dance,human,6
,,,
chicken,finger,human,3
,,,
green,piece,NA,NA
,,,
green,salad,green,6
,,,
brown,grey,grey,7
,,,
tea,bag,NA,NA
,,,
top,floor,middle,5
,,,
dinosaur,movie,NA,NA
,,,
pink,lollypop,pink,3
,,,
fish,food,human,4
,,,
night,shirt,day,5
,,,
puppy,mom,human,3
,,,
purple,sand,yellow,5
,,,
yellow,train,black,5
,,,
pepperoni,pizza,cheese,4
,,,
yellow,leaf,green,6
,,,
mommy,deer,adult,5
,,,
ear,plug,NA,NA
,,,
bird,box,NA,NA
,,,
back,bedroom,NA,NA
,,,
food,pea,food,7
,,,
adult,alligator,adult,5
,,,
broken,foot,working,5
,,,
soccer,player,NA,NA
,,,
garbage,feast,good,6
,,,
red,cake,white,5
,,,
wet,soaking,wet,7
,,,
bear,boob,human,3
,,,
dam,bush,NA,NA
,,,
dead,guy,alive,5
,,,
face,pumpkin,plain,6
,,,
primrose,oil,NA,NA
,,,
top,bunk,middle,5
,,,
red,popsicle,red,4
,,,
daddy,tape,NA,NA
,,,
land,horse,land,7
,,,
dog,collar,dog,6
,,,
turtle,tank,human,7
,,,
yellow,key,grey,5
,,,
night,light,night,5
,,,
book,honey,NA,NA
,,,
top,gear,middle,5
,,,
pink,bird,black,3
,,,
alloy,wheel,NA,NA
,,,
brown,leaf,green,5
,,,
test,barometer,test,7
,,,
baby,book,adult,6
,,,
plum,pudding,vanilla,4
,,,
press,record,press,4
,,,
green,apple,red,5
,,,
workshop,downtown,NA,NA
,,,
boy,voice,NA,NA
,,,
dirty,fox,dirty,6
,,,
property,market,securities,4
,,,
washing,powder,NA,NA
,,,
block,cheese,sliced,4
,,,
pink,tube,NA,NA
,,,
train,fare,bus,5
,,,
dead,obituary,dead,7
,,,
snow,man,flesh,7
,,,
farmer,overalls,farmer,5
,,,
roast,beef,unroasted,6
,,,
ironing,board,ironing,4
,,,
broken,string,unbroken,6
,,,
wine,glasses,water,5
,,,
birth,date,usual,6
,,,
bottom,one,NA,NA
,,,
spider,monkey,macaque,3
,,,
farm,puppet,city,5
,,,
wash,room,bath,5
,,,
red,ball,NA,NA
,,,
dust,wagon,NA,NA
,,,
gold,fish,silver,5
,,,
burnt,finger,normal,6
,,,
horse,box,cardboard,5
,,,
mummy,shout,NA,NA
,,,
velcro,latch,metal,5
,,,
curb,stone,garden,4
,,,
batter,box,cardboard,5
,,,
trash,call,okay,5
,,,
brown,patch,green,4
,,,
dust,ball,plastic,5
,,,
toy,bus,real,6
,,,
ginger,man,flesh,7
,,,
wood,sculpture,stone,4
,,,
red,bug,black,5
,,,
baby,chair,adult,6
,,,
brick,fireplace,brick,5
,,,
candy,piece,NA,NA
,,,
turkey,leg,human,3
,,,
red,bucket,NA,NA
,,,
pencil,box,NA,NA
,,,
fat,fryer,NA,NA
,,,
band,man,normal,5
,,,
spray,bottle,cap,6
,,,
unbuttoned,pants,buttoned,6
,,,
dirty,mama,clean,6
,,,
hot,curry,spicy,5
,,,
red,piranha,grey,6
,,,
bear,family,human,5
,,,
daddy,face,human,4
,,,
yogurt,pudding,chocolate,4
,,,
diaper,check,NA,NA
,,,
mud,truck,highway,5
,,,
fish,shop,clothes,4
,,,
mountain,bike,commuter,5
,,,
exit,sign,road,5
,,,
purple,food,brown,4
,,,
baby,cub,baby,7
,,,
food,restaurant,food,7
,,,
bath,tub,bath,5
,,,
baseball,game,soccer,4
,,,
treasure,chest,clothes,5
,,,
red,bird,brown,4
,,,
sweet,gift,NA,NA
,,,
yellow,piece,NA,NA
,,,
dirty,piggy,dirty,5
,,,
hot,soup,cold,5
,,,
yellow,flower,red,3
,,,
plastic,heron,flesh,6
,,,
dark,bikini,light,5
,,,
garbage,collector,coin,2
,,,
hot,flaming,hot,7
,,,
light,hair,dark,5
,,,
back,corner,NA,NA
,,,
green,stripe,NA,NA
,,,
slippery,ice,slippery,7
,,,
fat,boy,average,5
,,,
taller,bed,standard,5
,,,
color,paper,white,6
,,,
bubble,container,NA,NA
,,,
tan,wig,blonde,4
,,,
red,gecko,green,5
,,,
red,puppy,brown,5
,,,
brown,ant,black,6
,,,
sweet,onion,pungent,6
,,,
baby,worm,adult,6
,,,
water,swim,water,7
,,,
fat,worm,thin,6
,,,
intercom,beep,NA,NA
,,,
alarm,clock,wall,5
,,,
color,paint,color,7
,,,
cotton,shirt,cotton,5
,,,
hot,tot,NA,NA
,,,
cauliflower,pea,NA,NA
,,,
hot,wash,warm,5
,,,
ostrich,egg,chicken,6
,,,
silver,green,NA,NA
,,,
board,tile,ceramic,5
,,,
pink,violet,purple,5
,,,
dirty,nose,clean,6
,,,
ant,path,ant,5
,,,
pumpkin,head,human,3
,,,
quarter,teaspoon,NA,NA
,,,
bright,paper,white,5
,,,
heart,beat,drum,4
,,,
red,road,grey,5
,,,
hot,onion,cool,6
,,,
orange,bead,clear,5
,,,
shaking,ball,still,5
,,,
orange,dinosaur,green,3
,,,
daddy,bird,mother,4
,,,
green,marker,black,5
,,,
daddy,rooster,daddy,7
,,,
kitchen,table,kitchen,4
,,,
mackerel,fishing,commercial,6
,,,
green,pig,pink,6
,,,
top,tap,NA,NA
,,,
pumpkin,farm,dairy,4
,,,
orange,tummy,tan,3
,,,
red,button,white,5
,,,
yellow,bowl,white,5
,,,
bottom,oven,single,5
,,,
blowing,wind,blowing,7
,,,
tiger,picture,family,5
,,,
street,sweeper,floor,5
,,,
entrance,door,room,6
,,,
water,table,wood,5
,,,
rocket,shot,NA,NA
,,,
beef,sandwich,turkey,3
,,,
detective,show,NA,NA
,,,
pumpkin,pie,apple,5
,,,
green,moose,brown,6
,,,
orange,cat,NA,NA
,,,
yellow,tongue,pink,6
,,,
purple,top,NA,NA
,,,
salmon,salad,green,6
,,,
purple,captain,human,6
,,,
bright,pink,bright,5
,,,
clown,hair,human,3
,,,
report,card,greeting,5
,,,
rainy,day,sunny,4
,,,
airline,pilot,airline,6
,,,
school,boy,NA,NA
,,,
dragon,game,human,6
,,,
football,match,football,4
,,,
green,wreath,green,6
,,,
molasses,swamp,water,6
,,,
pink,rose,red,6
,,,
home,daddy,work,4
,,,
cutting,edge,sharp,3
,,,
purple,eye,brown,5
,,,
green,kitty,NA,NA
,,,
rail,ticket,bus,5
,,,
hay,cart,shopping,5
,,,
wooden,platter,plastic,5
,,,
round,spot,round,6
,,,
garden,furniture,indoor,6
,,,
bar,bell,door,5
,,,
worm,belly,ant,4
,,,
pastel,pink,standard,5
,,,
prawn,sandwich,turkey,5
,,,
cabbage,plant,fern,3
,,,
clock,tower,NA,NA
,,,
sleeping,policeman,awake,6
,,,
thick,player,NA,NA
,,,
dog,beach,human,5
,,,
fish,cracker,saltine,5
,,,
outside,tap,kitchen,5
,,,
bubble,gum,chewing,6
,,,
letter,tile,plain,5
,,,
purple,spaghetti,yellow,6
,,,
farmer,guy,office,3
,,,
cut,grass,uncut,6
,,,
croquet,stroke,swim,3
,,,
hay,cookie,wheat,6
,,,
green,ornament,silver,3
,,,
water,tower,cell,4
,,,
plant,pot,cooking,5
,,,
fat,roll,bread,5
,,,
brown,coconut,brown,6
,,,
purple,shoe,black,4
,,,
giant,boy,average,4
,,,
green,pepper,green,5
,,,
purple,tail,brown,5
,,,
ogre,lady,human,6
,,,
bow,colors,NA,NA
,,,
cross,bun,burger,5
,,,
red,punch,red,6
,,,
pink,heart,red,7
,,,
cat,scratching,itch,5
,,,
peppermint,candy,chocolate,4
,,,
dirty,baby,clean,5
,,,
brown,mud,brown,7
,,,
food,board,NA,NA
,,,
slot,machine,washing,4
,,,
yellow,door,white,5
,,,
dirty,diaper,clean,5
,,,
roast,potato,boiled,4
,,,
red,handle,metal,5
,,,
water,drip,water,7
,,,
puppet,show,tv,6
,,,
yellow,bucket,plastic,4
,,,
yellow,banana,yellow,6
,,,
pink,tutu,pink,6
,,,
solar,battery,alkaline,6
,,,
ice,cream,NA,NA
,,,
sugar,dough,bread,5
,,,
barbecue,recipe,dinner,4
,,,
orange,flag,national,6
,,,
bunny,sleep,night,6
,,,
box,toy,plastic,5
,,,
dirt,road,asphalt,5
,,,
orange,dot,black,4
,,,
tape,player,mp3,4
,,,
broken,egg,whole,6
,,,
daddy,foot,NA,NA
,,,
mommy,chin,NA,NA
,,,
green,coat,black,5
,,,
night,moon,night,6
,,,
brown,suite,white,4
,,,
giant,committee,small,5
,,,
sweet,honey,sweet,7
,,,
school,room,living,4
,,,
giant,skyscraper,tall,7
,,,
trash,book,good,6
,,,
top,row,middle,4
,,,
pink,coat,black,5
,,,
mud,pile,laundry,4
,,,
mommy,worm,NA,NA
,,,
farm,cat,house,6
,,,
crayon,pile,laundry,4
,,,
green,melon,orange,5
,,,
aloe,plant,fern,3
,,,
icy,coast,sandy,5
,,,
refrigerator,door,oven,5
,,,
baby,pig,adult,6
,,,
fire,grate,drain,5
,,,
yellow,flag,NA,NA
,,,
baby,wipe,hand,5
,,,
engine,train,passenger,5
,,,
fuzzy,peach,fuzzy,6
,,,
dirty,straw,clean,6
,,,
bleach,water,tap,6
,,,
fishing,pole,telephone,4
,,,
snow,shovel,dirt,5
,,,
oven,top,NA,NA
,,,
yellow,reindeer,brown,6
,,,
red,man,white,3
,,,
girl,doctor,boy,5
,,,
fat,doctor,average,5
,,,
brain,rot,NA,NA
,,,
red,hand,NA,NA
,,,
fat,face,average,5
,,,
knee,joint,NA,NA
,,,
food,processor,computer,5
,,,
committee,report,business,5
,,,
dirty,one,NA,NA
,,,
green,hoop,NA,NA
,,,
wet,washing,wet,6
,,,
top,oven,NA,NA
,,,
strawberry,juice,orange,5
,,,
cheddar,cracker,plain,5
,,,
slipper,sock,cotton,5
,,,
capital,letter,lowercase,6
,,,
ground,almond,whole,5
,,,
vanilla,pudding,chocolate,4
,,,
shower,tray,serving,5
,,,
tracksuit,bottom,NA,NA
,,,
dirty,park,clean,5
,,,
green,door,white,5
,,,
sweet,boy,NA,NA
,,,
red,reindeer,brown,6
,,,
red,train,grey,5
,,,
broken,leg,unbroken,5
,,,
brown,gravy,brown,7
,,,
smoke,salmon,unsmoked,6
,,,
cigarette,carton,milk,5
,,,
brass,drum,wood,4
,,,
baby,booty,baby,5
,,,
dirty,shirt,clean,6
,,,
purple,triangle,black,5
,,,
bright,moonlight,dim,6
,,,
icecream,scoop,NA,NA
,,,
sliced,cheese,block,5
,,,
sweet,cocoa,bitter,6
,,,
van,window,house,6
,,,
bunny,clothes,human,7
,,,
orange,tail,brown,5
,,,
bead,string,NA,NA
,,,
mirror,piece,puzzle,5
,,,
yellow,guy,white,3
,,,
food,bowl,food,6
,,,
red,foot,white,3
,,,
bird,nest,bird,6
,,,
color,clothes,NA,NA
,,,
elephant,puzzle,landscape,5
,,,
window,frame,picture,5
,,,
pink,snail,brown,5
,,,
blind,mom,sighted,6
,,,
teddy,workshop,wood,5
,,,
rabbit,stew,beef,5
,,,
purple,horn,white,6
,,,
puzzle,book,fiction,6
,,,
farm,animal,wild,5
,,,
tiger,baby,human,3
,,,
wet,whisker,dry,6
,,,
tube,company,NA,NA
,,,
steel,worker,office,5
,,,
yellow,brush,NA,NA
,,,
orange,leg,white,3
,,,
green,spider,black,6
,,,
jump,rope,NA,NA
,,,
bright,beak,yellow,5
,,,
brown,path,grey,5
,,,
naked,person,clothed,6
,,,
furry,bear,furry,7
,,,
green,cactus,green,7
,,,
soldier,crab,hermit,3
,,,
purple,turtle,green,6
,,,
plastic,metal,NA,NA
,,,
juicy,meat,juicy,6
,,,
yellow,rake,NA,NA
,,,
pink,pig,pink,6
,,,
mama,elephant,animal,6
,,,
baby,sock,adult,6
,,,
green,shell,white,4
,,,
room,clock,wall,6
,,,
fish,skeleton,human,3
,,,
mutton,head,human,3
,,,
strawberry,color,NA,NA
,,,
chicken,coop,chicken,6
,,,
curtain,ring,finger,5
,,,
manor,ground,public,4
,,,
hill,riding,road,5
,,,
paddle,wheel,NA,NA
,,,
country,mouse,house,5
,,,
purple,saber,silver,5
,,,
red,kite,NA,NA
,,,
baby,monkey,adult,5
,,,
rubber,book,paper,7
,,,
sun,block,sun,6
,,,
mantel,fire,wood,5
,,,
porcelain,doll,plastic,5
,,,
cut,dude,average,5
,,,
quarter,moon,full,4
,,,
pink,pickle,green,7
,,,
silver,packet,plastic,5
,,,
bear,cub,bear,5
,,,
broken,tv,working,5
,,,
poison,apple,edible,7
,,,
stroller,baby,crib,4
,,,
solid,path,solid,5
,,,
top,penthouse,top,5
,,,
red,planet,brown,5
,,,
cookie,day,work,4
,,,
noodle,soup,vegetable,5
,,,
television,actress,movie,5
,,,
solid,line,solid,6
,,,
baby,raccoon,adult,6
,,,
frame,chip,potato,6
,,,
bright,punch,red,5
,,,
yellow,saddle,brown,5
,,,
mommy,doggie,pet,5
,,,
cinnamon,roll,bread,5
,,,
foot,ball,NA,NA
,,,
puzzle,maker,NA,NA
,,,
purple,teddy,brown,6
,,,
room,slipper,foot,6
,,,
wood,cylinder,metal,5
,,,
pink,scooter,grey,5
,,,
manual,gear,automatic,5
,,,
concrete,floor,wood,5
,,,
yellow,mouth,pink,4
,,,
plant,debris,trash,5
,,,
shield,brooch,flower,4
,,,
outside,soccer,outside,5
,,,
upstairs,sleeping,NA,NA
,,,
ladybug,toy,NA,NA
,,,
tonic,glass,water,6
,,,
fish,pie,fruit,4
,,,
purple,bug,black,6
,,,
red,jacket,black,5
,,,
flower,piece,puzzle,3
,,,
tissue,paper,writing,5
,,,
city,mouse,field,4
,,,
dark,shadow,dark,7
,,,
green,toy,NA,NA
,,,
wet,bucket,dry,6
,,,
sister,game,NA,NA
,,,
bottom,hair,NA,NA
,,,
frog,book,human,7
,,,
juicy,worm,juicy,6
,,,
diving,dummy,standing,6
,,,
purple,flag,NA,NA
,,,
snow,tiger,orange,6
,,,
dark,tunnel,dark,6
,,,
umbrella,tree,NA,NA
,,,
fuzzy,bone,smooth,6
,,,
glass,slipper,silk,4
,,,
dinosaur,hunter,deer,5
,,,
shop,book,NA,NA
,,,
sister,church,sister,6
,,,
color,block,wood,5
,,,
baby,person,adult,6
,,,
dark,chap,white,3
,,,
green,bone,white,7
,,,
ocean,world,land,6
,,,
wet,man,dry,6
,,,
purple,guy,white,3
,,,
broken,pen,working,5
,,,
solid,hedge,solid,6
,,,
green,bag,white,5
,,,
fish,hook,fish,5
,,,
yellow,glasses,clear,6
,,,
sea,horse,NA,NA
,,,
wooden,table,wooden,5
,,,
yellow,sheet,white,6
,,,
jet,engine,car,5
,,,
night,star,night,7
,,,
color,grey,NA,NA
,,,
country,lane,paved,5
,,,
orange,rock,grey,6
,,,
bank,account,bank,5
,,,
train,table,NA,NA
,,,
dead,dad,alive,alive
,,,
group,secretary,personal,5
,,,
basket,game,video,4
,,,
yellow,girl,white,3
,,,
mucus,sack,plastic,6
,,,
dirty,tank,clean,5
,,,
brown,bag,white,5
,,,
marble,hearth,brick,4
,,,
box,cooler,plastic,5
,,,
movie,puppet,real,6
,,,
cigarette,smoke,wood,4
,,,
dinosaur,leg,ant,4
,,,
green,glove,blue,5
,,,
baby,nose,adult,5
,,,
dead,battery,charged,5
,,,
car,mat,house,4
,,,
dead,ant,alive,5
,,,
lemon,chicken,orange,5
,,,
giant,bomb,medium,4
,,,
round,cracker,square,5
,,,
brown,person,white,3
,,,
library,ticket,NA,NA
,,,
lobster,pot,chicken,5
,,,
brown,writing,black,6
,,,
round,scissors,pointed,6
,,,
red,tape,clear,5
,,,
bunny,ear,human,3
,,,
baby,rabbit,adult,5
,,,
school,report,business,5
,,,
red,puck,black,6
,,,
green,uniform,NA,NA
,,,
top,line,NA,NA
,,,
wax,coat,leather,5
,,,
rocky,truck,smooth,5
,,,
yellow,hand,white,3
,,,
giant,caterpillar,medium,5
,,,
brown,belt,brown,5
,,,
baby,giraffe,adult,6
,,,
animal,puzzle,NA,NA
,,,
plant,food,plant,5
,,,
gym,teacher,gym,5
,,,
pink,boot,brown,6
,,,
bike,riding,bike,5
,,,
bath,toy,bath,4
,,,
money,broker,stock,6
,,,
round,mark,round,5
,,,
knuckle,head,NA,NA
,,,
crusty,loaf,uncrusty,5
,,,
video,store,NA,NA
,,,
toilet,seat,toilet,5
,,,
sweet,girl,sweet,5
,,,
toe,soup,normal,5
,,,
icy,drink,cool,5
,,,
tooth,brush,tooth,4
,,,
diamond,piece,plastic,5
,,,
dirty,key,clean,5
,,,
purple,cocoon,NA,NA
,,,
princess,sticker,NA,NA
,,,
purple,coat,black,5
,,,
gum,tree,NA,NA
,,,
top,prize,middle,5
,,,
lunch,break,lunch,4
,,,
giant,cloud,medium,5
,,,
planet,earth,planet,7
,,,
fire,hose,water,7
,,,
fat,chap,medium,5
,,,
mother,pig,NA,NA
,,,
red,pants,grey,5
,,,
purple,button,clear,5
,,,
baby,gorilla,adult,5
,,,
sleeping,dolphin,awake,6
,,,
solid,bronze,solid,6
,,,
scrap,paper,used,5
,,,
girl,bike,NA,NA
,,,
bean,plant,fern,3
,,,
purple,wing,white,6
,,,
sweet,heart,NA,NA
,,,
farmer,market,farmer,3
,,,
dirty,truck,clean,5
,,,
brown,marker,black,5
,,,
painting,shirt,everyday,5
,,,
flat,table,flat,5
,,,
boiling,pot,cool,6
,,,
colored,dot,NA,NA
,,,
yellow,rubber,black,5
,,,
red,boat,white,5
,,,
standing,penguin,standing,6
,,,
cat,hair,human,3
,,,
roof,rack,NA,NA
,,,
bean,sprout,NA,NA
,,,
whale,song,human,6
,,,
red,turtle,green,7
,,,
red,penguin,black,5
,,,
parmesan,cheese,cheddar,5
,,,
hill,top,hill,3
,,,
cottage,cheese,cheddar,5
,,,
dark,rock,dark,5
,,,
round,corner,sharp,5
,,,
cake,baby,NA,NA
,,,
yellow,outfit,black,5
,,,
shave,rash,NA,NA
,,,
scrap,heap,NA,NA
,,,
air,push,NA,NA
,,,
girl,hair,NA,NA
,,,
shoe,polish,shoe,4
,,,
red,whale,grey,5
,,,
sweet,pie,sweet,5
,,,
bald,boy,hairy,6
,,,
stone,coating,NA,NA
,,,
truck,mom,car,6
,,,
orange,kitten,NA,NA
,,,
giant,head,medium,5
,,,
daddy,horse,daddy,5
,,,
roller,coaster,roller,6
,,,
frozen,room,cool,5
,,,
gold,dust,NA,NA
,,,
pink,carpet,grey,5
,,,
juicy,pineapple,juicy,5
,,,
red,book,brown,5
,,,
wooden,piece,NA,NA
,,,
water,bucket,water,5
,,,
night,bird,day,6
,,,
tap,dance,tap,5
,,,
bread,crust,NA,NA
,,,
floor,archway,NA,NA
,,,
shark,game,human,7
,,,
hot,radiator,hot,5
,,,
boy,baby,NA,NA
,,,
paper,towel,paper,6
,,,
stage,spot,NA,NA
,,,
bible,book,bible,2
,,,
purple,handle,NA,NA
,,,
star,red,NA,NA
,,,
green,snake,green,5
,,,
purple,train,grey,3
,,,
beetle,game,human,7
,,,
garden,tree,wild,6
,,,
thick,soup,medium,5
,,,
river,shack,NA,NA
,,,
red,machine,NA,NA
,,,
stomach,bug,NA,NA
,,,
strawberry,cookie,NA,NA
,,,
pink,fur,brown,5
,,,
color,purple,color,7
,,,
meal,guy,NA,NA
,,,
orange,truck,NA,NA
,,,
tin,can,tin,5
,,,
daddy,lion,single,4
,,,
sweet,guy,sweet,5
,,,
rocket,ship,ocean,6
,,,
copper,dagger,steel,5
,,,
brick,wall,brick,5
,,,
camp,fire,NA,NA
,,,
purple,water,blue,6
,,,
air,conditioner,air,6
,,,
throw,ball,throw,4
,,,
ham,ball,plastic,6
,,,
red,railing,NA,NA
,,,
solid,color,solid,5
,,,
bulletin,board,NA,NA
,,,
yellow,metal,grey,6
,,,
wood,basket,wood,5
,,,
grey,clay,grey,5
,,,
dirty,mitt,clean,5
,,,
glass,door,wood,5
,,,
green,cup,NA,NA
,,,
mommy,movie,NA,NA
,,,
orange,ear,white,3
,,,
orange,piece,NA,NA
,,,
human,race,human,3
,,,
baseball,bat,baseball,4
,,,
hot,grease,cool,5
,,,
grill,cheese,NA,NA
,,,
golf,ball,golf,3
,,,
water,plant,water,7
,,,
yellow,hose,green,4
,,,
string,bean,NA,NA
,,,
cow,manure,human,3
,,,
swim,trunk,swim,5
,,,
bleeding,phone,whole,6
,,,
gum,flavor,NA,NA
,,,
giant,yogurt,medium,5
,,,
heart,sweet,NA,NA
,,,
roll,shot,NA,NA
,,,
blueberry,juice,orange,5
,,,
green,grass,green,6
,,,
slope,testing,NA,NA
,,,
wrestling,guy,normal,6
,,,
squirt,gun,bullet,5
,,,
smoke,alarm,smoke,5
,,,
phone,box,phone,5
,,,
stock,room,bath,3
,,,
bamboo,shoot,bamboo,2
,,,
red,hat,NA,NA
,,,
hippopotamus,face,human,4
,,,
yellow,moon,white,4
,,,
hand,print,machine,6
,,,
snow,flake,snow,6
,,,
hot,cookie,cool,5
,,,
pterodactyl,leg,human,3
,,,
derby,girl,NA,NA
,,,
baby,beluga,adult,5
,,,
fence,post,fence,5
,,,
pink,bag,white,5
,,,
purple,shirt,grey,5
,,,
calendar,book,calendar,5
,,,
juicy,fruit,juicy,4
,,,
gold,key,silver,4
,,,
purple,girl,white,3
,,,
till,receipt,NA,NA
,,,
back,fence,NA,NA
,,,
green,frog,green,5
,,,
kid,person,adult,6
,,,
sweet,mama,sweet,5
,,,
rain,day,sunny,4
,,,
baby,platypus,adult,6
,,,
green,mat,brown,4
,,,
spa,camera,store,4
,,,
piggy,ride,horse,6
,,,
poker,game,poker,4
,,,
box,tape,NA,NA
,,,
ballet,skirt,NA,NA
,,,
plastic,bag,plastic,5
,,,
green,water,blue,5
,,,
orange,fish,blue,5
,,,
onion,stuffing,bread,4
,,,
bow,honey,NA,NA
,,,
water,ride,NA,NA
,,,
stuffed,crocodile,NA,NA
,,,
purple,pony,brown,5
,,,
orange,lip,pink,5
,,,
bear,eye,human,5
,,,
yellow,duck,brown,5
,,,
pumpkin,bread,wheat,5
,,,
locked,gate,locked,6
,,,
green,plate,white,6
,,,
pink,balloon,red,5
,,,
flaming,desk,NA,NA
,,,
sheet,pan,NA,NA
,,,
yellow,milk,white,5
,,,
boat,person,NA,NA
,,,
candy,apple,fruit,7
,,,
purple,juice,grape,4
,,,
wire,hair,organic,7
,,,
chest,paddling,NA,NA
,,,
day,person,day,5
,,,
red,dinosaur,green,3
,,,
brown,oatmeal,beige,6
,,,
dark,picture,light,5
,,,
glue,stick,wood,6
,,,
boy,doctor,man,5
,,,
dark,rabbit,white,5
,,,
dragon,bear,NA,NA
,,,
bear,track,human,6
,,,
hot,desert,hot,6
,,,
brown,ribbon,NA,NA
,,,
dirty,suit,clean,6
,,,
door,frame,door,4
,,,
pink,fan,white,5
,,,
parent,girl,childless,6
,,,
hen,egg,hen,5
,,,
bear,head,human,3
,,,
pumpkin,muffin,orange,5
,,,
plastic,sack,NA,NA
,,,
soapy,water,clean,6
,,,
pink,makeup,white,5
,,,
turtle,purple,NA,NA
,,,
plastic,grid,metal,5
,,,
pearl,ribbon,NA,NA
,,,
wooden,side,NA,NA
,,,
apple,cinnamon,NA,NA
,,,
piggy,toe,human,3
,,,
swamp,land,dry,6
,,,
bathroom,suite,NA,NA
,,,
dirty,tractor,clean,6
,,,
thick,tights,thin,5
,,,
red,sun,yellow,5
,,,
red,crab,red,5
,,,
dirty,mess,dirty,6
,,,
baby,chick,baby,7
,,,
fridge,door,oven,6
,,,
doggy,food,human,4
,,,
brown,beard,grey,4
,,,
purple,bear,black,5
,,,
giant,creature,medium,5
,,,
yellow,octagon,red,5
,,,
dark,mulch,dark,6
,,,
green,light,yellow,5
,,,
church,warden,NA,NA
,,,
varnish,stain,NA,NA
,,,
square,pretzel,twisted,6
,,,
red,ruby,red,7
,,,
solid,food,solid,6
,,,
hot,pipe,cool,4
,,,
green,balloon,red,5
,,,
muffin,pan,cake,4
,,,
orange,green,NA,NA
,,,
milk,pint,milk,5
,,,
bathroom,ceiling,NA,NA
,,,
ear,drum,ear,5
,,,
thick,cheese,block,5
,,,
mud,pool,water,6
,,,
orange,peel,orange,4
,,,
red,bell,NA,NA
,,,
red,eye,brown,5
,,,
purple,robe,NA,NA
,,,
snare,drum,NA,NA
,,,
riding,horse,NA,NA
,,,
bunny,costume,NA,NA
,,,
baby,voice,adult,5
,,,
steam,engine,NA,NA
,,,
purple,corner,NA,NA
,,,
saucepan,lid,pan,5
,,,
pink,slipper,grey,5
,,,
brown,wing,white,6
,,,
fence,door,fence,5
,,,
red,bridge,grey,6
,,,
orange,carrot,orange,7
,,,
car,engine,car,5
,,,
wet,wipe,wet,6
,,,
fish,meal,human,5
,,,
yellow,marble,white,6
,,,
blood,vessel,NA,NA
,,,
marble,painting,NA,NA
,,,
yellow,mustache,brown,5
,,,
linen,closet,clothes,6
,,,
sticker,book,NA,NA
,,,
red,clock,white,5
,,,
candy,man,NA,NA
,,,
window,sill,window,5
,,,
mulberry,bush,NA,NA
,,,
blueberry,tea,apple,4
,,,
green,square,NA,NA
,,,
scavenger,hunt,scavenger,5
,,,
green,tube,NA,NA
,,,
gulf,stream,water,5
,,,
green,tummy,white,3
,,,
blood,check,skin,5
,,,
dirty,town,clean,5
,,,
baby,bubble,NA,NA
,,,
outside,basket,inside,6
,,,
bed,explorer,outside,6
,,,
telephone,point,NA,NA
,,,
wood,worm,flesh,7
,,,
finger,nail,finger,4
,,,
gas,cooking,gas,5
,,,
car,green,NA,NA
,,,
baby,stick,adult,6
,,,
potty,book,library,4
,,,
brown,lettuce,green,6
,,,
fish,dad,human,5
,,,
country,music,pop,4
,,,
fire,hydrant,fire,6
,,,
sea,baby,land,5
,,,
toy,tub,NA,NA
,,,
colored,worm,NA,NA
,,,
purple,ball,white,4
,,,
mitten,back,NA,NA
,,,
cookie,crumb,bread,5
,,,
plastic,fork,plastic,5
,,,
passenger,train,freight,5
,,,
giant,cat,medium,5
,,,
survey,photograph,NA,NA
,,,
purple,wrapper,white,5
,,,
slam,dunk,normal,5
,,,
pirate,ship,merchant,5
,,,
green,straw,white,5
,,,
giant,squid,small,6
,,,
bald,guy,hair,5
,,,
tomato,sauce,tomato,5
,,,
pink,sweater,NA,NA
,,,
orange,bean,green,5
,,,
sleigh,bell,NA,NA
,,,
green,key,silver,4
,,,
brown,crayon,NA,NA
,,,
outside,window,outside,6
,,,
red,pole,NA,NA
,,,
red,rose,red,6
,,,
yellow,dress,white,5
,,,
liver,oil,NA,NA
,,,
surf,board,surf,4
,,,
dirty,ground,dirty,6
,,,
purple,moon,white,4
,,,
swim,dolphin,swim,5
,,,
green,rain,blue,6
,,,
baby,body,adult,6
,,,
orange,baby,white,3
,,,
cheese,packet,NA,NA
,,,
velvety,calf,smooth,4
,,,
egg,bread,flour,6
,,,
salmon,sandwich,turkey,4
,,,
chocolate,log,wood,6
,,,
ballroom,dancing,amateur,6
,,,
pine,needle,NA,NA
,,,
eye,shadow,NA,NA
,,,
purple,plant,green,5
,,,
wheat,cracker,wheat,6
,,,
transporter,company,NA,NA
,,,
green,candle,NA,NA
,,,
green,sugar,white,6
,,,
brick,piece,brick,5
,,,
purple,spoon,grey,5
,,,
red,letter,black,6
,,,
bowling,pin,bowling,3
,,,
military,person,civilian,6
,,,
bank,card,bank,5
,,,
green,shoe,brown,5
,,,
hedge,shears,hedge,5
,,,
square,balloon,round,6
,,,
spiral,nail,straight,6
,,,
spaghetti,porridge,oats,6
,,,
jump,jockey,NA,NA
,,,
yellow,bar,grey,5
,,,
garage,key,house,5
,,,
sand,swell,sea,6
,,,
water,gun,bullet,5
,,,
sewer,line,NA,NA
,,,
boy,swing,NA,NA
,,,
butter,cup,NA,NA
,,,
green,tooth,white,5
,,,
sugar,oatmeal,NA,NA
,,,
yellow,boat,white,5
,,,
red,suit,black,6
,,,
ocean,ship,ocean,5
,,,
sugar,man,flesh,5
,,,
purple,duck,brown,5
,,,
milk,pitcher,milk,5
,,,
onion,skin,NA,NA
,,,
cake,stall,NA,NA
,,,
fat,kiss,medium,5
,,,
worm,bin,NA,NA
,,,
wet,clothes,dry,6
,,,
trash,game,good,5
,,,
green,daddy,white,3
,,,
purple,marker,black,5
,,,
police,station,police,4
,,,
pig,roll,NA,NA
,,,
metal,clip,metal,5
,,,
baby,step,adult,6
,,,
music,room,NA,NA
,,,
night,air,day,5
,,,
red,petal,white,5
,,,
nanny,training,NA,NA
,,,
pink,cloud,white,6
,,,
plastic,spoon,plastic,5
,,,
fat,lump,medium,5
,,,
baby,picture,adult,6
,,,
daddy,company,NA,NA
,,,
yellow,cow,black,5
,,,
red,grey,NA,NA
,,,
bottom,bar,NA,NA
,,,
tree,bark,tree,5
,,,
yellow,bag,white,4
,,,
flat,pumpkin,round,6
,,,
college,building,NA,NA
,,,
locomotive,car,NA,NA
,,,
gold,dragon,red,1
,,,
chocolate,milk,whole,6
,,,
bald,baby,bald,5
,,,
rugby,player,football,4
,,,
card,game,card,5
,,,
laser,beam,light,5
,,,
lead,boot,leather,5
,,,
battle,field,NA,NA
,,,
yellow,button,white,5
,,,
water,test,chemical,6
,,,
broken,neck,whole,6
,,,
tea,towel,tea,2
,,,
pirate,guy,NA,NA
,,,
bright,sun,bright,5
,,,
pet,shop,grocery,3
,,,
green,bead,clear,5
,,,
kid,movie,adult,6
,,,
dead,flower,alive,5
,,,
yellow,bed,grey,3
,,,
pest,attack,animal,3
,,,
sirloin,steak,ribeye,3
,,,
burnt,toasted,NA,NA
,,,
icy,road,dry,5
,,,
comforter,cover,NA,NA
,,,
curtain,rail,NA,NA
,,,
water,feed,milk,2
,,,
square,paper,rectangle,6
,,,
foot,hole,foot,5
,,,
computer,man,flesh,7
,,,
thyroid,infection,sinus,5
,,,
green,helmet,grey,3
,,,
purple,head,white,3
,,,
purple,wheel,black,5
,,,
hammer,head,NA,NA
,,,
green,stem,green,6
,,,
green,star,white,6
,,,
soapy,bubble,foam,6
,,,
top,card,NA,NA
,,,
orange,skin,white,3
,,,
cargo,ship,cargo,5
,,,
pink,piece,NA,NA
,,,
baby,jaguar,adult,6
,,,
food,picture,people,6
,,,
garden,door,room,6
,,,
brown,bottom,NA,NA
,,,
pony,home,human,6
,,,
dragon,picture,people,6
,,,
red,mouth,pink,5
,,,
chicken,prawn,NA,NA
,,,
baby,duck,adult,6
,,,
plastic,duck,flesh,7
,,,
blueberry,bar,apple,3
,,,
juicy,bite,average,4
,,,
fat,cookie,medium,5
,,,
wet,sand,dry,5
,,,
bath,drain,sink,4
,,,
yellow,card,yellow,5
,,,
green,creature,NA,NA
,,,
draw,pile,NA,NA
,,,
pipe,band,NA,NA
,,,
outside,toilet,inside,6
,,,
yellow,block,NA,NA
,,,
green,boxcar,brown,5
,,,
blob,cookie,regular,6
,,,
back,chair,middle,5
,,,
back,wall,NA,NA
,,,
pizza,crust,bread,6
,,,
giant,circle,medium,5
,,,
chocolate,fry,potato,5
,,,
boy,tiger,NA,NA
,,,
piano,bench,NA,NA
,,,
giant,baby,medium,5
,,,
hot,coal,cold,6
,,,
tub,toy,tub,4
,,,
pink,box,brown,4
,,,
kid,slide,kid,5
,,,
outside,kitty,inside,6
,,,
water,tap,water,6
,,,
asteroid,belt,asteroid,5
,,,
baby,swing,adult,4
,,,
glass,jar,glass,5
,,,
yellow,hat,brown,5
,,,
green,button,red,3
,,,
dark,night,dark,6
,,,
yellow,house,NA,NA
,,,
puzzle,box,NA,NA
,,,
naked,bear,naked,7
,,,
egg,salad,greens,6
,,,
red,fan,white,4
,,,
green,dragon,red,1
,,,
slim,girl,average,5
,,,
outdoor,art,indoor,6
,,,
green,boat,NA,NA
,,,
orange,scissors,grey,4
,,,
wooden,chair,plastic,4
,,,
blonde,one,NA,NA
,,,
head,piece,NA,NA
,,,
cherry,pie,apple,4
,,,
cathedral,window,house,5
,,,
blond,hair,brown,5
,,,
lunch,bag,lunch,6
,,,
elephant,grey,elephant,2
,,,
purple,pot,NA,NA
,,,
brown,page,white,6
,,,
hot,sauce,cool,6
,,,
stick,person,real,6
,,,
mince,pie,apple,4
,,,
yellow,color,NA,NA
,,,
colored,water,clear,6
,,,
film,wrap,NA,NA
,,,
corn,movie,NA,NA
,,,
grey,dog,brown,4
,,,
truck,book,NA,NA
,,,
girl,teacher,girl,5
,,,
broken,toy,working,5
,,,
orange,cracker,white,6
,,,
brown,lid,NA,NA
,,,
orange,mango,orange,5
,,,
water,park,NA,NA
,,,
yellow,pot,brown,3
,,,
shadow,puppet,string,4
,,,
brick,fire,wood,5
,,,
willow,tree,maple,3
,,,
trash,man,NA,NA
,,,
apple,skin,potato,5
,,,
top,window,NA,NA
,,,
farm,puzzle,NA,NA
,,,
karate,suit,karate,3
,,,
green,broccoli,green,5
,,,
orange,slice,orange,5
,,,
pink,piggy,pink,6
,,,
dinosaur,bone,human,3
,,,
milk,cow,milk,5
,,,
clock,book,NA,NA
,,,
pink,marker,black,5
,,,
oatmeal,bath,water,7
,,,
racing,car,commuting,6
,,,
red,tower,grey,4
,,,
yellow,truck,grey,5
,,,
red,tail,brown,5
,,,
blowing,nose,blowing,5
,,,
princess,tea,NA,NA
,,,
upstairs,brush,NA,NA
,,,
north,wind,west,3
,,,
bottom,floor,middle,5
,,,
slide,watch,NA,NA
,,,
train,money,bus,4
,,,
soap,juice,NA,NA
,,,
red,boy,white,3
,,,
karate,ballerina,NA,NA
,,,
steering,wheel,turning,5
,,,
pineapple,juice,orange,4
,,,
honey,marmalade,sweet,7
,,,
hot,sun,hot,7
,,,
color,stripe,NA,NA
,,,
orange,marmalade,orange,7
,,,
upstairs,flat,upstairs,5
,,,
snow,pants,dry,6
,,,
engine,driver,car,6
,,,
eye,witness,eye,7
,,,
thick,point,medium,5
,,,
green,booger,green,6
,,,
picnic,bench,park,4
,,,
yellow,carrot,orange,6
,,,
orange,flower,white,4
,,,
diamond,ring,silver,3
,,,
chocolate,bar,chocolate,4
,,,
vegetable,soup,chicken,5
,,,
sunflower,seed,sunflower,3
,,,
snack,bar,drink,5
,,,
dogs,face,human,4
,,,
yellow,broom,white,3
,,,
glass,light,glass,5
,,,
freezing,water,cool,5
,,,
brown,dog,brown,4
,,,
orange,squid,pink,5
,,,
country,road,country,5
,,,
pocket,money,consumption,5
,,,
wet,wash,wet,7
,,,
purple,camera,black,5
,,,
red,ribbon,red,3
,,,
colored,glue,white,6
,,,
hot,tea,cool,4
,,,
pink,frosting,white,5
,,,
night,school,day,6
,,,
giant,meteorite,medium,5
,,,
pink,pony,brown,5
,,,
upstairs,bed,NA,NA
,,,
dinosaur,picture,people,6
,,,
sun,rise,sun,5
,,,
wet,towel,dry,6
,,,
dirty,table,clean,5
,,,
kid,bike,adult,6
,,,
river,fishing,lake,5
,,,
downstairs,loo,downstairs,5
,,,
dirty,pavement,dirty,6
,,,
apple,tree,apple,3
,,,
icy,ring,dry,6
,,,
hot,rod,cool,6
,,,
brown,wig,brown,5
,,,
red,sauce,red,4
,,,
broken,bone,whole,6
,,,
pink,bank,NA,NA
,,,
flat,knife,sharp,6
,,,
green,rectangle,NA,NA
,,,
fat,child,medium,5
,,,
round,hand,NA,NA
,,,
couple,stair,few,6
,,,
bottom,cover,top,5
,,,
glitter,glue,plain,6
,,,
bubble,wrap,plastic,6
,,,
flower,plate,food,5
,,,
scrap,yard,back,4
,,,
hair,cut,hair,5
,,,
football,teacher,school,6
,,,
duffel,coat,NA,NA
,,,
dirty,box,clean,5
,,,
dirty,movie,clean,5
,,,
daddy,chin,NA,NA
,,,
candy,gum,plain,5
,,,
bus,driver,car,6
,,,
green,land,green,5
,,,
dirty,vent,dirty,4
,,,
pub,window,house,4
,,,
green,car,black,3
,,,
cut,piece,uncut,5
,,,
yellow,queen,white,4
,,,
hot,wing,cool,6
,,,
wooden,animal,flesh,6
,,,
mommy,bird,NA,NA
,,,
brown,suit,black,4
,,,
baby,chicken,adult,6
,,,
body,wash,body,4
,,,
orange,sword,grey,6
,,,
yellow,shoe,black,5
,,,
orange,tree,apple,3
,,,
back,page,middle,6
,,,
taxi,man,NA,NA
,,,
yellow,row,NA,NA
,,,
bacon,casserole,tatertot,3
,,,
green,knight,grey,3
,,,
ginger,ale,ginger,4
,,,
yellow,wedge,NA,NA
,,,
toy,box,NA,NA
,,,
song,sheet,information,4
,,,
pelican,crossing,human,5
,,,
hot,juice,cool,6
,,,
doll,dress,human,6
,,,
yellow,pig,pink,7
,,,
hot,cross,cool,6
,,,
flower,pan,cake,4
,,,
dog,joint,human,3
,,,
poop,factory,toy,3
,,,
flower,room,plain,6
,,,
bear,shoe,human,6
,,,
diamond,rock,plain,6
,,,
blond,captain,brunette,6
,,,
header,tank,NA,NA
,,,
color,knight,NA,NA
,,,
dad,hand,NA,NA
,,,
ice,truck,water,5
,,,
water,bottle,water,5
,,,
yellow,fire,orange,5
,,,
step,mother,birth,5
,,,
bright,feather,dull,6
,,,
machine,gun,hand,4
,,,
hairy,finger,hairless,4
,,,
yellow,bead,clear,4
,,,
brown,floor,brown,4
,,,
dump,truck,transport,5
,,,
print,shop,grocery,3
,,,
yellow,sheep,white,6
,,,
hot,pink,hot,4
,,,
daddy,headache,NA,NA
,,,
dog,hair,human,3
,,,
girl,shoe,NA,NA
,,,
toilet,paper,work,4
,,,
sand,toy,plastic,5
,,,
blind,person,sighted,6
,,,
lighter,colors,medium,5
,,,
orange,paint,NA,NA
,,,
pussy,cat,pussy,7
,,,
flat,bed,flat,6
,,,
orange,hat,grey,3
,,,
night,kiss,day,5
,,,
yellow,van,white,4
,,,
color,petal,color,6
,,,
bear,puzzle,human,6
,,,
carrier,bag,carrier,6
,,,
wolf,hound,dog,6
,,,
wet,floor,dry,6
,,,
pooper,scooper,NA,NA
,,,
lollipop,stick,tree,6
,,,
sweat,top,NA,NA
,,,
back,cellar,down,7
,,,
macaroni,cheese,plain,5
,,,
violin,group,NA,NA
,,,
nail,cut,hair,6
,,,
farm,machine,city,4
,,,
baby,tiger,adult,6
,,,
curly,hair,straight,4
,,,
candy,house,wood,5
,,,
wood,hardware,metal,6
,,,
hermit,crab,hermit,3
,,,
ankle,sock,crew,4
,,,
strawberry,flower,NA,NA
,,,
broken,car,working,6
,,,
coffee,cup,water,5
,,,
cut,hair,uncut,5
,,,
hot,towel,cool,6
,,,
mommy,horse,NA,NA
,,,
fish,finger,human,3
,,,
chipmunk,song,human,6
,,,
frog,leg,human,3
,,,
giant,bucket,medium,5
,,,
hot,boil,hot,7
,,,
pink,snow,white,7
,,,
red,pin,white,5
,,,
rain,bow,rain,3
,,,
red,colors,NA,NA
,,,
dish,soap,hand,5
,,,
mommy,duck,NA,NA
,,,
hair,ball,plastic,5
,,,
thick,marker,medium,4
,,,
dirty,pajamas,clean,6
,,,
bow,tie,straight,6
,,,
solar,house,NA,NA
,,,
purple,monkey,brown,5
,,,
hot,grill,cold,5
,,,
climbing,stair,climbing,6
,,,
purple,cartridge,NA,NA
,,,
saw,puzzle,NA,NA
,,,
shortbread,cookie,vanilla,4
,,,
car,parking,car,6
,,,
farm,instrument,home,4
,,,
dirty,room,clean,5
,,,
troll,person,human,7
,,,
drawing,office,working,6
,,,
shaving,mirror,bathroom,5
,,,
thick,rope,medium,5
,,,
orange,bird,black,5
,,,
lighter,snack,medium,5
,,,
red,hamster,brown,6
,,,
split,cup,whole,6
,,,
orange,color,NA,NA
,,,
purple,stick,brown,6
,,,
gold,helmet,black,3
,,,
mother,bear,NA,NA
,,,
puzzle,board,NA,NA
,,,
sand,castle,stone,6
,,,
mail,truck,transport,5
,,,
red,bowl,white,4
,,,
strawberry,lemonade,yellow,5
,,,
gold,shoe,brown,5
,,,
fat,brush,thin,5
,,,
top,cap,top,6
,,,
red,doggie,NA,NA
,,,
tea,cake,NA,NA
,,,
wet,diaper,dry,5
,,,
mechanic,shop,NA,NA
,,,
army,officer,police,5
,,,
bear,book,human,7
,,,
cream,tub,NA,NA
,,,
secretary,treasurer,deputy,5
,,,
ferry,crossing,train,4
,,,
purple,octopus,purple,5
,,,
oatmeal,bite,NA,NA
,,,
glass,building,steel,5
,,,
dirty,finger,clean,6
,,,
toddler,bed,adult,6
,,,
circus,man,NA,NA
,,,
cut,glass,growing,5
,,,
dark,color,NA,NA
,,,
hot,bottle,cool,6
,,,
barge,person,NA,NA
,,,
yellow,tooth,white,6
,,,
pitch,fork,dining,6
,,,
driving,instructor,school,5
,,,
astronaut,hat,NA,NA
,,,
bear,cry,NA,NA
,,,
bay,window,normal,5
,,,
berry,patch,grass,3
,,,
piano,player,guitar,5
,,,
bedside,table,kitchen,3
,,,
dead,person,alive,5
,,,
bird,cave,spider,5
,,,
gold,coin,iron,5
,,,
engine,oil,NA,NA
,,,
green,pot,brown,4
,,,
ocean,animal,land,5
,,,
cheese,ball,cheese,4
,,,
red,bicycle,black,5
,,,
turkey,breast,chicken,5
,,,
hairy,spider,hairy,6
,,,
apple,juice,apple,3
,,,
paper,sticker,plastic,6
,,,
air,balloon,air,6
,,,
mud,pie,bread,6
,,,
orange,circle,NA,NA
,,,
star,fish,NA,NA
,,,
fish,lip,human,3
,,,
orange,broom,black,4
,,,
paint,plaster,NA,NA
,,,
dance,contest,sports,5
,,,
hot,chocolate,cool,6
,,,
green,elephant,grey,7
,,,
flower,day,NA,NA
,,,
orange,pentagon,NA,NA
,,,
student,band,student,4
,,,
pink,milk,white,5
,,,
milk,shake,milk,6
,,,
yellow,plastic,white,4
,,,
daddy,car,daddy,5
,,,
wet,tarmac,dry,6
,,,
pink,blanket,white,3
,,,
shovel,fork,NA,NA
,,,
fat,piggy,fat,6
,,,
sugar,cone,sugar,5
,,,
glass,washer,plastic,6
,,,
silver,penny,copper,6
,,,
sugar,syrup,sugar,7
,,,
cookie,blob,NA,NA
,,,
donut,chair,NA,NA
,,,
watch,strap,watch,5
,,,
top,cream,NA,NA
,,,
brown,teddy,brown,6
,,,
red,purple,purple,7
,,,
blooming,month,nonblooming,5
,,,
bloody,coconut,clean,6
,,,
game,tile,building,5
,,,
circle,drawing,NA,NA
,,,
fat,belly,medium,5
,,,
puffy,cloud,puffy,4
,,,
dirty,outside,dirty,6
,,,
book,tray,food,5
,,,
red,blood,red,6
,,,
cream,taste,NA,NA
,,,
grey,tights,black,5
,,,
sword,fight,fist,5
,,,
female,alligator,NA,NA
,,,
dark,turquoise,light,5
,,,
check,mark,NA,NA
,,,
throw,toy,play,5
,,,
back,line,middle,5
,,,
silky,mask,plastic,4
,,,
potato,chip,potato,5
,,,
stand,firm,stand,6
,,,
cut,trunk,uncut,6
,,,
red,mark,black,5
,,,
powder,paint,liquid,6
,,,
broken,crayon,working,6
,,,
mail,uniform,police,5
,,,
police,man,NA,NA
,,,
yellow,taxi,yellow,6
,,,
river,path,field,3
,,,
flat,tire,full,6
,,,
brown,horse,brown,5
,,,
purple,dot,black,5
,,,
cranberry,juice,apple,3
,,,
fire,fighter,fire,5
,,,
ocean,wave,ocean,6
,,,
red,paint,NA,NA
,,,
red,dot,black,5
,,,
orange,leaflet,white,4
,,,
red,cab,yellow,6
,,,
triangle,roof,triangle,5
,,,
plastic,cup,plastic,5
,,,
ant,trail,human,4
,,,
seat,belt,NA,NA
,,,
bread,box,NA,NA
,,,
yellow,car,black,5
,,,
mud,color,NA,NA
,,,
orange,shovel,grey,5
,,,
red,picture,NA,NA
,,,
orange,macaroni,yellow,6
,,,
orange,screw,grey,5
,,,
head,shot,NA,NA
,,,
snowy,day,clear,5
,,,
road,track,NA,NA
,,,
green,wall,white,4
,,,
hot,steam,hot,7
,,,
hot,mess,hot,3
,,,
drummer,boy,NA,NA
,,,
market,stall,market,2
,,,
turtle,magazine,human,6
,,,
orange,packet,white,3
,,,
home,movie,home,5
,,,
red,cape,black,3
,,,
weeping,willow,weeping,7
,,,
red,bone,white,7
,,,
oil,barrel,oil,3
,,,
shirt,top,shirt,6
,,,
purple,frog,green,4
,,,
children,book,adult,5
,,,
purple,bubble,clear,5
,,,
sweet,potato,plain,4
,,,
village,hall,city,4
,,,
lacrosse,stick,lacrosse,4
,,,
snake,tongue,human,3
,,,
bread,knife,butter,4
,,,
bake,cookie,bake,7
,,,
hare,lip,human,3
,,,
pink,pants,grey,5
,,,
red,lip,red,5
,,,
batman,shoe,human,4
,,,
dark,room,dark,5
,,,
dark,paint,medium,5
,,,
dinosaur,egg,chicken,6
,,,
wooden,horse,flesh,6
,,,
oval,circle,circle,7
,,,
kid,game,kid,5
,,,
purple,basket,brown,4
,,,
purple,bead,clear,5
,,,
orange,tiger,orange,6
,,,
hot,corn,cool,5
,,,
ballet,dress,everyday,6
,,,
fish,puppet,human,6
,,,
purple,patch,NA,NA
,,,
green,bear,black,5
,,,
bread,dough,bread,6
,,,
grey,hair,brown,5
,,,
document,file,document,5
,,,
bedroom,flat,bedroom,6
,,,
yellow,kite,NA,NA
,,,
pitcher,glove,skier,3
,,,
ink,pad,NA,NA
,,,
mouse,ear,human,3
,,,
pink,cup,white,4
,,,
red,belly,white,3
,,,
orange,crayon,blue,3
,,,
ankle,boot,crew,6
,,,
dog,bun,NA,NA
,,,
bus,puzzle,house,6
,,,
green,leg,white,3
,,,
dirty,food,clean,5
,,,
hamburger,bun,hamburger,3
,,,
soccer,ball,golf,3
,,,
jean,jacket,down,4
,,,
green,chair,brown,5
,,,
yellow,stick,brown,6
,,,
leaf,pile,leaf,5
,,,
red,luggage,brown,5
,,,
orange,sequin,NA,NA
,,,
dirty,garbage,Dirty,7
,,,
wash,cloth,Clothing,5
,,,
green,bubble,Clear,6
,,,
upstairs,toy,NA,NA
,,,
balloon,popping,NA,NA
,,,
yellow,mountain,Green,4
,,,
water,line,fiberoptic,5
,,,
top,piece,NA,NA
,,,
straw,cup,plastic,5
,,,
red,lead,grey,5
,,,
snack,boy,NA,NA
,,,
circle,puzzle,rectangle,5
,,,
banana,chip,potato,5
,,,
apple,cider,apple,4
,,,
snowman,melt,snow,6
,,,
skate,board,skate,4
,,,
grocery,warehouse,general,6
,,,
wheel,chair,stationary,6
,,,
baby,bag,adult,6
,,,
wood,box,plastic,4
,,,
car,ferry,people,5
,,,
red,tights,black,5
,,,
smiley,face,smiley,6
,,,
crystal,piece,plastic,5
,,,
cherry,vanilla,plain,6
,,,
bath,room,bath,3
,,,
yellow,match,red,6
,,,
student,nurse,professional,5
,,,
baby,cat,adult,6
,,,
orange,ball,white,4
,,,
firehouse,lunch,NA,NA
,,,
red,tractor,green,3
,,,
bowling,alley,NA,NA
,,,
snow,ball,leather,4
,,,
pink,teddy,brown,5
,,,
toy,man,flesh,5
,,,
purple,mouse,brown,6
,,,
baby,bath,adult,6
,,,
green,house,NA,NA
,,,
red,dandelion,white,7
,,,
frozen,shoulder,unfrozen,6
,,,
hot,milk,cold,5
,,,
vinegar,bottle,NA,NA
,,,
color,book,uncolored,5
,,,
company,software,consumer,5
,,,
red,border,black,5
,,,
oak,tree,maple,3
,,,
music,note,NA,NA
,,,
mommy,hair,mommy,5
,,,
top,branch,middle,5
,,,
burglar,alarm,security,4
,,,
office,key,house,5
,,,
green,toe,white,4
,,,
movie,channel,NA,NA
,,,
dune,buggy,dune,6
,,,
yellow,green,green,7
,,,
red,pig,pink,7
,,,
exterior,light,interior,5
,,,
plastics,company,tech,3
,,,
yellow,chalk,white,5
,,,
baby,clothes,adult,6
,,,
park,parade,NA,NA
,,,
bike,ride,car,5
,,,
car,seat,NA,NA
,,,
hot,doggy,cool,4
,,,
pink,sock,white,3
,,,
green,dress,NA,NA
,,,
sea,shell,sea,6
,,,
copy,cat,NA,NA
,,,
yellow,square,NA,NA
,,,
wall,drawer,wall,6
,,,
maple,sugar,artificial,5
,,,
snow,hill,snowless,6
,,,
sky,color,earth,5
,,,
day,school,day,5
,,,
vanilla,wafer,vanilla,5
,,,
peacock,feather,chicken,5
,,,
flat,fish,flat,5
,,,
garden,sign,NA,NA
,,,
cream,cheese,block,4
,,,
hair,barrette,hair,7
,,,
orange,zebra,mixed,7
,,,
bear,tooth,human,3
,,,
cheese,sauce,NA,NA
,,,
blood,checker,NA,NA
,,,
bright,leaf,bright,5
,,,
brown,ale,brown,6
,,,
red,sifter,grey,4
,,,
color,leg,color,6
,,,
purple,light,white,5
,,,
wrap,present,wrap,4
,,,
frozen,lip,unfrozen,6
,,,
puppy,bark,dog,6
,,,
letter,side,NA,NA
,,,
model,girl,normal,6
,,,
horse,shoeing,NA,NA
,,,
coal,block,wood,4
,,,
green,triangle,NA,NA
,,,
red,cap,white,5
,,,
rectangle,door,rectangle,6
,,,
purple,submarine,grey,6
,,,
orange,bud,green,6
,,,
mommy,parrot,NA,NA
,,,
belly,button,belly,6
,,,
round,carpet,rectangular,5
,,,
orange,noodle,tan,5
,,,
baby,tooth,adult,6
,,,
plastic,lid,plastic,5
,,,
rain,umbrella,rain,7
,,,
shore,island,shore,7
,,,
brown,guy,white,3
,,,
cigarette,smoking,cigarette,5
,,,
green,pea,green,6
,,,
bear,cookie,human,6
,,,
picnic,blanket,bed,5
,,,
tobacco,jar,NA,NA
,,,
baby,girl,child,5
,,,
outside,toy,inside,5
,,,
pointy,fish,pointy,4
,,,
shoe,rack,clothes,5
,,,
bubble,game,NA,NA
,,,
head,pirate,NA,NA
,,,
web,site,web,6
,,,
gold,medal,gold,5
,,,
brake,dust,NA,NA
,,,
mama,deer,NA,NA
,,,
bicycle,store,grocery,3
,,,
orange,peach,orange,5
,,,
red,seat,black,4
,,,
hay,stack,NA,NA
,,,
brown,trunk,elephant,5
,,,
brush,handle,door,3
,,,
family,room,single,4
,,,
orange,letter,black,5
,,,
grassy,field,grassy,5
,,,
fish,fin,fish,6
,,,
stegosaurus,strike,human,5
,,,
knight,costume,NA,NA
,,,
executive,committee,junior,5
,,,
potato,scoop,icecream,4
,,,
red,star,white,7
,,,
cannon,ball,sport,5
,,,
flat,house,nonflat,6
,,,
trash,can,soda,6
,,,
yellow,blanket,white,4
,,,
green,shovel,grey,5
,,,
cardboard,house,wood,5
,,,
round,wall,flat,6
,,,
red,edge,NA,NA
,,,
orange,train,grey,4
,,,
wooden,leg,flesh,3
,,,
pink,bottle,clear,5
,,,
tip,toe,flat,6
,,,
purple,crayon,NA,NA
,,,
building,marker,field,3
,,,
red,card,white,5
,,,
mommy,hand,NA,NA
,,,
tea,pickle,NA,NA
,,,
baby,alligator,adult,6
,,,
jelly,bagel,plain,4
,,,
hot,stove,cool,5
,,,
cable,run,NA,NA
,,,
purple,reindeer,brown,5
,,,
yellow,roller,brown,5
,,,
green,yogurt,white,6
,,,
grey,label,NA,NA
,,,
pink,scarf,black,3
,,,
hairless,cat,hair,5
,,,
hand,washing,hand,5
,,,
teen,movie,adult,6
,,,
fuel,tank,fuel,4
,,,
brown,monkey,brown,6
,,,
red,pea,green,6
,,,
apple,core,NA,NA
,,,
walking,stick,normal,6
,,,
fuzzy,blanket,smooth,5
,,,
wet,hand,dry,5
,,,
red,bow,NA,NA
,,,
slave,driver,car,6
,,,
yellow,leg,NA,NA
,,,
organ,pipe,organ,5
,,,
farmer,man,farmer,4
,,,
pink,rectangle,NA,NA
,,,
ear,hole,ear,2
,,,
ice,box,NA,NA
,,,
yogurt,raisin,plain,5
,,,
pink,lip,pink,6
,,,
grey,cap,white,4
,,,
orange,button,NA,NA
,,,
dark,glasses,light,5
,,,
top,model,middle,5
,,,
floor,tiling,floor,5
,,,
fruit,cake,flour,6
,,,
squirt,guns,bullet,6
,,,
pencil,case,phone,4
,,,
purple,shovel,grey,4
,,,
red,rod,NA,NA
,,,
yellow,triangle,NA,NA
,,,
red,leaf,green,6
,,,
red,square,NA,NA
,,,
dark,yard,light,4
,,,
dance,floor,house,4
,,,
furry,puppy,furry,7
,,,
orange,container,NA,NA
,,,
daddy,picture,people,6
,,,
pickle,sandwich,meat,5
,,,
station,sign,road,3
,,,
sweet,packet,sweet,4
,,,
bright,hair,dark,5
,,,
fire,engine,car,5
,,,
whale,shark,tiger,2
,,,
bald,eagle,golden,2
,,,
square,piece,NA,NA
,,,
cream,sandwich,meat,5
,,,
locked,door,locked,5
,,,
yellow,elephant,grey,5
,,,
bubble,clown,NA,NA
,,,
toy,board,NA,NA
,,,
scout,tent,hiker,5
,,,
yellow,piggie,pink,6
,,,
green,fish,blue,3
,,,
giant,one,medium,5
,,,
market,day,normal,6
,,,
school,call,home,5
,,,
acid,soil,neutral,6
,,,
sweet,person,neutral,4
,,,
quarter,motor,full,6
,,,
granola,bar,granola,3
,,,
bunny,hole,ant,4
,,,
wine,purse,money,5
,,,
freeze,tag,elimination,5
,,,
yellow,colors,NA,NA
,,,
boy,drink,NA,NA
,,,
finger,food,meal,4
,,,
purple,ark,brown,7
,,,
boat,singing,home,4
,,,
bloody,day,clean,6
,,,
pottery,room,bath,3
,,,
chicken,mushroom,NA,NA
,,,
giant,potato,medium,5
,,,
color,orange,fruit,4
,,,
round,glasses,rectangular,5
,,,
wildlife,park,wildlife,5
,,,
child,seat,adult,6
,,,
sweet,home,NA,NA
,,,
hair,day,hair,6
,,,
dozen,egg,dozen,5
,,,
doggy,bin,NA,NA
,,,
dinosaur,blanket,human,5
,,,
wall,light,ceiling,5
,,,
school,playground,school,4
,,,
red,bead,clear,4
,,,
paper,boy,flesh,6
,,,
purple,worm,tan,5
,,,
sleep,walking,awake,6
,,,
dirty,car,clean,4
,,,
blind,mommy,sighted,6
,,,
sugar,spoon,general,5
,,,
key,lock,key,5
,,,
dirty,pillow,clean,5
,,,
kitchen,light,hallway,3
,,,
night,cream,day,5
,,,
round,tablet,rectangular,5
,,,
tennis,ball,golf,5
,,,
green,scissors,grey,5
,,,
grilled,cheese,ungrilled,6
,,,
rainbow,parrot,rainbow,4
,,,
pool,table,kitchen,4
,,,
call,box,NA,NA
,,,
female,crab,NA,NA
,,,
board,book,paper,5
,,,
bridesmaid,dress,normal,6
,,,
oatmeal,breakfast,NA,NA
,,,
teddy,snack,human,6
,,,
red,cone,white,3
,,,
cheese,sandwich,meat,5
,,,
mama,duck,NA,NA
,,,
round,penny,round,7
,,,
chain,saw,straight,6
,,,
holly,leaf,fern,3
,,,
ginger,wine,grape,6
,,,
flat,floor,flat,6
,,,
woman,sitting,NA,NA
,,,
kettle,boiling,pot,5
,,,
grassy,piece,NA,NA
,,,
flower,border,plain,6
,,,
yellow,star,white,5
,,,
oil,taste,food,6
,,,
orange,taste,food,6
,,,
steam,roller,foam,3
,,,
jazz,band,indie,5
,,,
fish,net,fish,4
,,,
baby,dinosaur,adult,1
,,,
furry,duck,feathery,7
,,,
dance,room,bed,3
,,,
green,diamond,clear,5
,,,
alligator,green,NA,NA
,,,
soy,milk,dairy,5
,,,
fuzzy,poodle,furry,7
,,,
girl,toy,NA,NA
,,,
orange,tower,NA,NA
,,,
red,face,white,3
,,,
shot,guns,hand,4
,,,
music,box,NA,NA
,,,
fat,leg,medium,5
,,,
yellow,pail,grey,5
,,,
baking,bread,sliced,5
,,,
cocktail,bar,drinks,6
,,,
pirate,beard,human,7
,,,
red,hair,brown,5
,,,
drum,body,NA,NA
,,,
hand,dress,body,7
,,,
breakfast,bar,drinks,5
,,,
dough,rise,dough,6
,,,
seedless,grape,seed,5
,,,
television,licence,drivers,5
,,,
toy,soldier,real,5
,,,
woman,show,man,5
,,,
dark,brown,NA,NA
,,,
frog,umbrella,human,7
,,,
wing,color,NA,NA
,,,
flip,flop,flip,7
,,,
green,honey,golden,6
,,,
strawberry,milk,plain,6
,,,
dark,food,NA,NA
,,,
wet,baby,dry,6
,,,
bunny,show,human,6
,,,
giant,seal,medium,5
,,,
snack,honey,meal,4
,,,
ferry,boat,cargo,4
,,,
pink,juice,brown,5
,,,
school,day,school,5
,,,
navy,sweater,grey,4
,,,
milk,bottle,water,5
,,,
pirate,station,gas,3
,,,
yellow,shovel,grey,5
,,,
flower,seed,plant,6
,,,
picnic,basket,food,4
,,,
fish,song,human,6
,,,
orange,finger,white,3
,,,
paint,stamping,ink,5
,,,
bright,child,normal,4
,,,
round,knob,round,6
,,,
attic,bedroom,house,5
,,,
orange,collection,coin,2
,,,
driving,horse,work,5
,,,
thick,one,medium,4
,,,
fish,cake,flour,6
,,,
plastic,edging,NA,NA
,,,
outside,building,outside,7
,,,
pie,baking,cookie,3
,,,
giant,dog,medium,5
,,,
singing,song,singing,7
,,,
cat,food,human,5
,,,
office,clerk,NA,NA
,,,
guitar,player,guitar,3
,,,
dark,purple,NA,NA
,,,
fire,pole,building,4
,,,
sweat,shirt,T,4
,,,
iron,board,wood,6
,,,
wooden,stair,wooden,4
,,,
pink,lipstick,red,5
,,,
green,container,NA,NA
,,,
bubble,gun,bullet,6
,,,
yellow,airplane,white,6
,,,
yellow,lion,golden,6
,,,
back,leg,NA,NA
,,,
leg,bone,arm,3
,,,
salad,sandwich,meat,5
,,,
red,gate,NA,NA
,,,
orange,eye,brown,5
,,,
girl,potty,human,6
,,,
dinosaur,arm,human,3
,,,
orange,boat,white,3
,,,
yellow,marker,black,5
,,,
whey,curd,cheese,3
,,,
fat,piggie,fat,6
,,,
red,box,brown,4
,,,
office,girl,school,5
,,,
gold,sky,blue,5
,,,
electronics,firm,NA,NA
,,,
chair,seat,chair,6
,,,
dirty,guy,clean,6
,,,
metallic,bronze,metallic,7
,,,
yellow,arrow,NA,NA
,,,
owl,book,human,7
,,,
juice,box,NA,NA
,,,
sweet,granny,sweet,5
,,,
dirty,spoon,clean,6
,,,
snow,falling,rain,6
,,,
dark,woods,dark,5
,,,
pink,door,brown,5
,,,
mermaid,leg,human,3
,,,
fat,guy,medium,5
,,,
wooden,shoe,leather,4
,,,
pink,lemonade,yellow,5
,,,
show,office,real,6
,,,
dolly,guy,NA,NA
,,,
green,jelly,purple,5
,,,
shoe,museum,art,5
,,,
assistant,manager,assistant,5
,,,
green,vacuum,NA,NA
,,,
yellow,track,red,5
,,,
skunk,salad,plant,6
,,,
circle,piece,NA,NA
,,,
top,side,side,7
,,,
water,pill,chemical,6
,,,
traffic,light,traffic,5
,,,
puppy,guy,human,7
,,,
pink,sandal,brown,5
,,,
kitty,litter,cat,6
,,,
frown,face,NA,NA
,,,
grey,beard,black,5
,,,
gold,cap,white,5
,,,
dead,brain,alive,5
,,,
stand,point,NA,NA
,,,
bear,pants,human,7
,,,
lunch,plate,dinner,5
,,,
candy,dish,food,6
,,,
bunny,mama,human,4
,,,
green,paper,white,6
,,,
mommy,baby,single,7
,,,
octopus,tentacle,squid,6
,,,
slide,honey,bottle,5
,,,
yellow,bin,NA,NA
,,,
fat,girl,medium,5
,,,
draw,prize,NA,NA
,,,
round,hole,round,6
,,,
fire,side,NA,NA
,,,
grilled,sandwich,ungrilled,5
,,,
purple,screw,grey,6
,,,
flat,one,NA,NA
,,,
rain,shower,rain,6
,,,
wooden,trough,metal,5
,,,
road,racing,road,5
,,,
orange,grey,grey,7
,,,
daddy,dinosaur,NA,NA
,,,
shop,floor,home,4
,,,
potato,salad,plant,5
,,,
gold,necklace,silver,4
,,,
family,day,single,4
,,,
mommy,talk,NA,NA
,,,
throw,pillow,bed,5
,,,
baby,powder,baby,4
,,,
spray,bubble,NA,NA
,,,
pink,purse,NA,NA
,,,
onion,sandwich,meat,5
,,,
rum,truffle,mushroom,6
,,,
pink,leg,NA,NA
,,,
kid,book,adult,6
,,,
leather,case,plastic,5
,,,
orange,hand,white,3
,,,
green,tea,NA,NA
,,,
giant,fire,medium,5
,,,
book,sticker,NA,NA
,,,
lollipop,wand,wooden,5
,,,
forty,eight,NA,NA
,,,
gram,jar,liter,3
,,,
coffee,pot,cooking,5
,,,
tile,pattern,tile,3
,,,
green,truck,grey,4
,,,
baby,dish,adult,6
,,,
cloth,heart,flesh,6
,,,
fruit,punch,fruit,6
,,,
dark,ring,light,5
,,,
green,eel,black,4
,,,
hamburger,meat,hamburger,3
,,,
back,hoe,NA,NA
,,,
hot,tank,cool,5
,,,
yellow,shelf,brown,4
,,,
purple,pear,green,5
,,,
sweet,shrimp,salty,6
,,,
mud,pot,mud,5
,,,
bell,sticker,NA,NA
,,,
brandy,butter,NA,NA
,,,
pink,car,black,4
,,,
spanking,spot,normal,5
,,,
yellow,grey,grey,7
,,,
ball,player,ball,4
,,,
checkout,girl,worker,4
,,,
cut,bread,sliced,5
,,,
plastic,wrap,plastic,6
,,,
cooking,chocolate,candy,5
,,,
orange,belt,brown,5
,,,
purple,pickle,green,6
,,,
yellow,fat,yellow,6
,,,
wheat,cookie,wheat,6
,,,
oyster,cracker,saltine,3
,,,
elephant,scale,human,6
,,,
yellow,cap,black,4
,,,
oval,piece,NA,NA
,,,
flag,drawer,clothes,5
,,,
elephant,toy,human,6
,,,
grocery,list,to-do,4
,,,
red,diamond,clear,4
,,,
outside,wind,outside,5
,,,
sail,boat,motor,6
,,,
round,wheel,round,7
,,,
bunny,slipper,plain,6
,,,
hot,sandwich,cold,5
,,,
cub,group,scout,5
,,,
gym,shoe,walking,5
,,,
brother,bunny,NA,NA
,,,
orange,car,black,4
,,,
banana,sundae,banana,3
,,,
ladies,mother,ladies,7
,,,
pirate,land,government,5
,,,
beetle,family,human,5
,,,
door,casing,NA,NA
,,,
mauve,ring,silver,4
,,,
hot,book,cool,5
,,,
nut,juice,fruit,5
,,,
octopus,talon,bird,6
,,,
cash,book,paper,5
,,,
motor,bridge,stationary,6
,,,
oatmeal,raisin,NA,NA
,,,
red,digger,NA,NA
,,,
page,boy,NA,NA
,,,
metal,edge,rock,6
,,,
top,butter,top,5
,,,
bright,boy,average,5
,,,
round,sun,round,7
,,,
car,tire,car,5
,,,
gas,man,flesh,7
,,,
green,spoon,silver,4
,,,
hail,storm,rain,5
,,,
yellow,noodle,yellow,6
,,,
taller,tower,NA,NA
,,,
uniform,skirt,uniform,5
,,,
sunset,sky,daytime,4
,,,
firework,factory,product,6
,,,
naked,girl,clothed,6
,,,
fish,stick,tree,6
,,,
red,cow,black,3
,,,
pink,nose,white,3
,,,
fat,bird,medium,5
,,,
red,corner,NA,NA
,,,
green,hand,white,3
,,,
yellow,coat,NA,NA
,,,
forty,inch,NA,NA
,,,
pink,eye,brown,5
,,,
pink,hippo,grey,6
,,,
stain,varnish,NA,NA
,,,
hot,blanket,warm,6
,,,
house,spider,outside,6
,,,
swimming,pool,swimming,5
,,,
mama,hat,NA,NA
,,,
taller,ceiling,medium,5
,,,
police,guard,security,4
,,,
giant,sundial,small,6
,,,
putty,hand,flesh,6
,,,
mud,trail,dirt,5
,,,
circus,baby,NA,NA
,,,
furry,guy,hairless,5
,,,
oatmeal,bowl,soup,3
,,,
green,heart,red,6
,,,
sugar,fat,fat,7
,,,
orange,structure,NA,NA
,,,
hot,whisky,cool,6
,,,
outside,theater,inside,6
,,,
grey,snow,white,6
,,,
phone,call,phone,6
,,,
bug,book,human,6
,,,
charcoal,grill,gas,5
,,,
stairs,toy,NA,NA
,,,
purple,sandbox,NA,NA
,,,
frog,hat,human,6
,,,
yellow,radiator,NA,NA
,,,
purple,chalk,white,4
,,,
green,turtle,green,6
,,,
chocolate,dough,plain,6
,,,
pink,edge,NA,NA
,,,
girl,bunny,NA,NA
,,,
tennis,shoe,tennis,3
,,,
pork,chop,pork,5
,,,
pillar,box,NA,NA
,,,
orange,juice,orange,3
,,,
plastic,wateringcan,metal,5
,,,
pink,shirt,grey,3
,,,
muffin,man,flesh,6
,,,
dragon,piece,NA,NA
,,,
bar,lounge,general,6
,,,
baby,carrot,adult,6
,,,
corn,cookie,flour,6
,,,
cream,cone,NA,NA
,,,
mama,lion,papa,4
,,,
plant,house,wood,5
,,,
light,weight,medium,5
,,,
bear,costume,NA,NA
,,,
cheese,bag,fruit,2
,,,
dirty,floor,dirty,5
,,,
yellow,crayon,NA,NA
,,,
fish,seafood,fish,5
,,,
picture,window,real,6
,,,
goldfish,jumping,bug,5
,,,
bowler,hat,baseball,4
,,,
draw,ticket,bought,5
,,,
hive,bee,hive,6
,,,
smoke,tablet,chemical,6
,,,
baby,puppy,baby,7
,,,
picture,card,plain,6
,,,
child,person,adult,6
,,,
green,tree,green,6
,,,
cheese,stick,wood,6
,,,
fork,lift,fork,3
,,,
peach,cobbler,peach,5
,,,
toast,cheese,untoasted,6
,,,
purple,grey,grey,7
,,,
shoe,shop,NA,NA
,,,
orange,tractor,green,5
,,,
flat,box,box,7
,,,
yellow,lemon,yellow,5
,,,
toy,house,real,6
,,,
red,gravy,brown,5
,,,
grill,pan,frying,5
,,,
toy,block,real,4
,,,
bear,face,human,4
,,,
terrace,house,plain,5
,,,
red,plate,white,6
,,,
apple,pie,apple,3
,,,
hot,food,cold,6
,,,
wooden,box,cardboard,5
,,,
daddy,tiger,NA,NA
,,,
green,sword,white,5
,,,
fatty,lady,medium,5
,,,
rain,forest,dry,4
,,,
jelly,bean,plant,6
,,,
casserole,dish,NA,NA
,,,
baby,seat,adult,6
,,,
butt,cheek,NA,NA
,,,
licorice,snack,fruit,3
,,,
green,box,brown,5
,,,
hot,cream,cool,4
,,,
wood,chip,wood,5
,,,
cooking,meal,cooking,5
,,,
round,puzzle,square,6
,,,
magnet,toy,NA,NA
,,,
sketchbook,pad,NA,NA
,,,
slippery,bug,slippery,5
,,,
phone,card,note,5
,,,
puzzle,game,board,3
,,,
sleeveless,suit,sleeved,6
,,,
dark,orange,NA,NA
,,,
camping,school,NA,NA
,,,
daddy,bear,NA,NA
,,,
fish,dinner,rice,3
,,,
room,closet,room,7
,,,
purple,arm,white,3
,,,
calendar,date,calendar,7
,,,
pink,cookie,brown,3
,,,
trash,bin,trash,3
,,,
honey,bee,honey,2
,,,
yellow,honey,yellow,6
,,,
pinky,toe,middle,5
,,,
bright,colors,NA,NA
,,,
red,truck,grey,4
,,,
rail,road,paved,5
,,,
hot,date,medium,5
,,,
light,grate,water,6
,,,
dead,cereal,dead,7
,,,
letter,factory,toy,2
,,,
baby,animal,adult,6
,,,
yellow,lemonade,yellow,5
,,,
green,paint,grey,4
,,,
lawn,mower,lawn,5
,,,
tape,head,flesh,6
,,,
dill,pickle,dill,4
,,,
chocolate,frog,flesh,6
,,,
mud,pit,dirt,6
,,,
green,grey,grey,7
,,,
rusty,nail,rusty,5
,,,
text,book,novel,5
,,,
sunny,road,sunny,3
,,,
hand,motor,electric,5
,,,
machine,smock,human,7
,,,
lego,boy,flesh,6
,,,
film,star,film,5
,,,
sugar,mama,birth,6
,,,
baby,ice,NA,NA
,,,
red,shirt,grey,4
,,,
paint,tray,food,5
,,,
fat,finger,medium,5
,,,
umbrella,stick,tree,6
,,,
orange,apple,red,6
,,,
toddler,toy,adult,6
,,,
mama,bear,single,3
,,,
sugar,cookie,sugar,3
,,,
pink,limousine,black,4
,,,
yellow,butterfly,NA,NA
,,,
round,side,round,5
,,,
turtle,brown,NA,NA
,,,
ball,bat,ball,6
,,,
pussy,hair,head,6
,,,
puppy,blanket,human,6
,,,
dead,bug,alive,5
,,,
color,circle,NA,NA
,,,
hot,oil,cold,6
,,,
rope,walker,ground,6
,,,
walking,boot,working,5
,,,
bird,bath,human,6
,,,
family,exercise,individual,5
,,,
key,chain,key,4
,,,
dressing,room,bath,3
,,,
round,egg,round,7
,,,
meat,sandwich,meat,4
,,,
kissing,hand,limp,6
,,,
fish,bowl,human,6
,,,
bubble,flavor,NA,NA
,,,
spider,leg,ant,5
,,,
lego,person,flesh,6
,,,
railway,line,railway,3
,,,
marble,flooring,wood,5
,,,
veggie,cheese,dairy,6
,,,
mail,box,shipping,4
,,,
gum,drop,water,6
,,,
fish,eye,ant,5
,,,
bear,hunter,deer,5
,,,
mutant,toy,normal,6
,,,
birth,month,normal,6
,,,
purple,balloon,red,4
,,,
purple,phone,black,4
,,,
floor,board,floor,4
,,,
brother,chick,NA,NA
,,,
hot,bag,cool,5
,,,
record,player,NA,NA
,,,
pink,whale,grey,5
,,,
dirty,milk,clean,5
,,,
frog,girl,human,3
,,,
cream,truck,shipping,5
,,,
feather,painting,NA,NA
,,,
outside,shoe,outside,4
,,,
red,piece,NA,NA
,,,
strawberry,chocolate,dark,5
,,,
braid,hair,unbraided,6
,,,
orange,sugar,white,6
,,,
face,cake,faceless,6
,,,
net,curtain,solid,6
,,,
lady,toy,NA,NA
,,,
pink,cap,black,3
,,,
breaking,limb,unbreaking,6
,,,
red,tree,green,5
,,,
daddy,cow,mommy,5
,,,
painting,bib,NA,NA
,,,
broken,tool,unbroken,6
,,,
circus,police,city,5
,,,
silky,thread,NA,NA
,,,
pink,dress,white,3
,,,
crusty,top,NA,NA
,,,
brown,shorts,black,3
,,,
baby,goat,adult,6
,,,
fat,milk,fat,5
,,,
foil,tray,NA,NA
,,,
prize,game,prize,4
,,,
vitamin,pill,medicine,5
,,,
dark,lollipop,medium,5
,,,
sea,picture,land,5
,,,
purple,pepper,red,4
,,,
breakfast,cereal,breakfast,6
,,,
milk,mustache,hair,6
,,,
red,wine,white,5
,,,
red,milk,white,6
,,,
fruit,stall,fruit,4
,,,
fuzzy,flower,NA,NA
,,,
hot,cloth,cool,5
,,,
junction,box,NA,NA
,,,
yellow,bus,black,5
,,,
music,hall,NA,NA
,,,
cooking,breakfast,fridge,3
,,,
fish,game,human,6
,,,
girl,deer,NA,NA
,,,
purple,puppy,brown,4
,,,
brake,drum,brake,6
,,,
yogurt,juice,fruit,4
,,,
baby,owl,adult,6
,,,
bakery,bread,packaged,5
,,,
cheese,slice,bread,3
,,,
table,leg,table,5
,,,
turtle,orange,NA,NA
,,,
conveyor,belt,clothes,5
,,,
fat,marker,medium,5
,,,
snow,fight,words,6
,,,
fishing,hole,golf,5
,,,
burnt,rubber,unburnt,6
,,,
hot,honey,cool,5
,,,
snow,night,snowless,6
,,,
hot,sausage,cool,6
,,,
round,clock,round,5
,,,
pear,tree,apple,4
,,,
green,stool,brown,6
,,,
pink,stair,brown,5
,,,
carat,ring,plain,6
,,,
fur,coat,synthetic,5
,,,
skate,boarding,skate,5
,,,
fold,laundry,fold,6
,,,
closet,chair,room,6
,,,
giant,belt,medium,5
,,,
library,tray,dining,4
,,,
pink,tool,grey,4
,,,
magazine,rack,book,5
,,,
car,station,car,5
,,,
sea,turtle,lake,6
,,,
material,flower,material,7
,,,
baby,seal,adult,6
,,,
pirate,costume,NA,NA
,,,
cow,boy,city,5
,,,
yellow,paint,grey,4
,,,
toy,baby,real,5
,,,
solid,tape,clear,5
,,,
yellow,balloon,red,3
,,,
wet,face,dry,4
,,,
orange,hamster,brown,4
,,,
green,hair,brown,5
,,,
water,kitty,land,6
,,,
hot,pattern,NA,NA
,,,
purple,dude,white,3
,,,
hot,fan,cool,6
,,,
bottom,jaw,top,4
,,,
gold,bag,brown,5
,,,
stud,dog,female,4
,,,
purple,wiggle,NA,NA
,,,
bright,tomato,bright,5
,,,
night,raccoon,night,6
,,,
marmalade,fish,flesh,6
,,,
wedding,ring,jewelry,5
,,,
twin,room,single,3
,,,
wiggle,worm,wiggle,6
,,,
breakfast,egg,breakfast,5
,,,
fishing,rod,fishing,5
,,,
yellow,cup,clear,3
,,,
foam,piece,plastic,4
,,,
aluminum,rod,plastic,3
,,,
plastic,tray,plastic,5
,,,
gas,mask,medical,6
,,,
yellow,wing,white,5
,,,
hot,ice,cold,7
,,,
paint,shirt,NA,NA
,,,
red,shoe,black,3
,,,
coffee,break,lunch,5
,,,
cuckoo,clock,digital,5
,,,
girl,cup,NA,NA
,,,
toucan,bird,chicken,5
,,,
green,pencil,yellow,5
,,,
family,feast,family,5
,,,
circus,bus,NA,NA
,,,
money,machine,NA,NA
,,,
elephant,brooch,NA,NA
,,,
elephant,crying,human,6
,,,
spiral,grip,spiral,6
,,,
furry,cat,furry,5
,,,
baby,cup,adult,6
,,,
paper,cut,paper,3
,,,
toy,bag,real,6
,,,
car,carrier,mobile,6
,,,
tree,top,NA,NA
,,,
fat,cat,medium,5
,,,
suction,cup,drinking,5
,,,
red,licorice,black,5
,,,
wet,suit,business,5
,,,
hot,car,cool,5
,,,
outside,piece,outside,6
,,,
pink,suit,black,5
,,,
tennis,racket,tennis,5
,,,
green,cookie,brown,4
,,,
flying,dragon,flying,1
,,,
dog,dance,human,7
,,,
bunny,jumping,bug,5
,,,
ultrasound,picture,digital,5
,,,
sliced,potato,whole,6
,,,
giant,tower,medium,5
,,,
male,lead,male,5
,,,
velvet,slipper,wool,3
,,,
frog,jump,bug,5
,,,
push,bike,pedal,5
,,,
face,guy,face,6
,,,
ant,block,human,6
,,,
tile,floor,wood,6
,,,
bouncing,spot,NA,NA
,,,
turtle,hat,human,6
,,,
plastic,truck,metal,7
,,,
baby,eagle,adult,6
,,,
red,ocean,blue,7
,,,
ball,man,NA,NA
,,,
wet,road,dry,6
,,,
furry,coach,normal,7
,,,
red,bracelet,silver,5
,,,
red,candy,red,3
,,,
shower,curtain,window,5
,,,
jacket,top,shirt,6
,,,
cough,drop,water,6
,,,
fish,egg,chicken,5
,,,
picnic,table,kitchen,4
,,,
elf,talk,human,7
,,,
one,piece,NA,NA
,,,
yellow,ribbon,red,3
,,,
yellow,feather,brown,4
,,,
red,juice,red,5
,,,
worm,poop,human,4
,,,
home,page,NA,NA
,,,
strawberry,yogurt,plain,5
,,,
triangle,toast,square,6
,,,
sperm,cell,blood,5
,,,
puppy,print,human,6
,,,
bottom,light,top,6
,,,
red,gym,NA,NA
,,,
green,carrot,orange,6
,,,
yellow,knee,white,3
,,,
purple,footprint,brown,5
,,,
hot,shake,NA,NA
,,,
teddy,home,human,5
,,,
twin,tub,single,6
,,,
diaper,baby,diaper,6
,,,
back,plate,middle,5
,,,
hot,piece,cold,6
,,,
red,bottom,NA,NA
,,,
red,tongue,pink,6
,,,
ball,bunny,NA,NA
,,,
red,green,green,7
,,,
bear,growl,dog,5
,,,
door,speaker,wall,5
,,,
purple,room,NA,NA
,,,
prawn,cocktail,prawn,4
,,,
boy,bed,NA,NA
,,,
brown,sweater,grey,4
,,,
chocolate,cookie,plain,5
,,,
surface,dwelling,surface,6
,,,
purple,jacket,grey,4
,,,
red,snake,green,5
,,,
mommy,cup,NA,NA
,,,
octopus,spying,human,6
,,,
animal,picture,human,6
,,,
pond,deer,forest,6
,,,
children,slip,adult,6
,,,
dark,pink,NA,NA
,,,
army,man,civilian,6
,,,
bean,bag,empty,6
,,,
dirty,mouse,dirty,6
,,,
sweatshirt,top,shirt,4
,,,
tuna,fish,bristlemouth,5
,,,
night,sign,day,5
,,,
burger,bar,drinks,5
,,,
penguin,body,bug,5
,,,
cream,chocolate,NA,NA
,,,
dolphin,show,human,6
,,,
hot,wax,cold,6
,,,
wet,spot,dry,6
,,,
furry,gorilla,furry,6
,,,
stuffed,puppy,real,5
,,,
scout,badge,government,3
,,,
blowing,kiss,real,5
,,,
dead,leaf,alive,6
,,,
thick,noodle,medium,5
,,,
bubble,blower,bubble,3
,,,
purple,bird,black,3
,,,
brown,tree,brown,6
,,,
fire,station,gas,5
,,,
mama,rabbit,NA,NA
,,,
square,box,cube,6
,,,
garbage,truck,freight,5
,,,
red,oval,NA,NA
,,,
bank,manager,middle,4
,,,
top,lip,NA,NA
,,,
red,butterfly,white,5
,,,
farm,book,city,4
,,,
welding,rod,NA,NA
,,,
nylon,bag,plastic,5
,,,
purple,ear,white,3
,,,
ballet,slipper,bedroom,4
,,,
ball,mitt,clothing,5
,,,
boy,mouth,NA,NA
,,,
sycamore,tree,maple,5
,,,
wet,shirt,dry,6
,,,
roll,marble,slab,6
,,,
giant,ball,medium,5
,,,
purple,cow,white,5
,,,
poison,rattlesnake,poison,7
,,,
color,green,color,7
,,,
cupboard,door,room,6
,,,
brown,piece,NA,NA
,,,
singing,contest,sport,5
,,,
yellow,head,white,3
,,,
furry,teddy,furry,6
,,,
dirty,corner,NA,NA
,,,
dish,wash,dish,4
,,,
bright,crayon,NA,NA
,,,
concrete,path,dirt,5
,,,
green,block,brown,4
,,,
wet,panty,dry,6
,,,
railroad,track,railroad,5
,,,
ninja,turtle,animal,7
,,,
green,bed,grey,3
,,,
heart,muscle,NA,NA
,,,
purple,salad,green,5
,,,
foot,piece,NA,NA
,,,
baby,jogger,adult,6
,,,
street,car,street,6
,,,
hall,closet,room,5
,,,
yellow,chair,brown,5
,,,
furry,costume,NA,NA
,,,
soap,bottle,water,5
,,,
grey,shorts,grey,3
,,,
mommy,bear,mommy,4
,,,
blind,spot,sighted,6
,,,
purple,kangaroo,brown,6
,,,
house,beam,NA,NA
,,,
castle,book,city,4
,,,
rectangle,book,rectangle,6
,,,
sand,block,plastic,4
,,,
cement,truck,freight,5
,,,
grey,cat,black,4
,,,
oven,mitt,oven,5
,,,
fruit,shop,grocery,3
,,,
muscle,man,average,5
,,,
giant,gorilla,medium,5
,,,
shadow,line,NA,NA
,,,
strawberry,patch,grass,5
,,,
movie,theater,movie,5
,,,
cat,litter,NA,NA
,,,
snow,melt,snow,5
,,,
dark,light,light,7
,,,
elephant,book,human,6
,,,
yellow,cartridge,NA,NA
,,,
food,card,note,4
,,,
round,hoop,round,5
,,,
pink,sand,yellow,5
,,,
yellow,box,brown,6
,,,
light,beam,light,6
,,,
fish,sticker,human,6
,,,
baby,alarm,adult,6
,,,
foot,radiator,NA,NA
,,,
foot,pruner,NA,NA
,,,
raspberry,patch,grass,4
,,,
pine,tree,maple,3
,,,
purple,cap,black,4
,,,
block,house,board,3
,,,
ant,trap,insect,4
,,,
orange,drop,clear,6
,,,
wooden,track,rubber,5
,,,
petrol,tank,petrol,4
,,,
caramel,cluster,grapes,3
,,,
shrub,border,shrub,5
,,,
pointy,tip,pointy,5
,,,
car,park,NA,NA
,,,
aphid,sandwich,meat,4
,,,
yellow,neon,yellow,4
,,,
bubble,world,NA,NA
,,,
yellow,horse,brown,5
,,,
ostrich,leg,human,3
,,,
coffee,grinder,coffee,4
,,,
skunk,stew,chicken,5
,,,
red,bat,brown,4
,,,
video,recorder,video,4
,,,
wet,mommy,dry,5
,,,
pita,bread,wheat,5
,,,
striped,worm,solid,6
,,,
bum,worker,bum,4
,,,
hot,day,medium,5
,,,
silk,worm,earth,5
,,,
fish,market,NA,NA
,,,
water,bridge,water,5
,,,
purple,fish,silver,5
,,,
lace,cover,plastic,5
,,,
sugar,water,salt,6
,,,
flat,mat,flat,7
,,,
wife,battering,NA,NA
,,,
slippery,soap,frictioney,6
,,,
paper,airplane,metal,5
,,,
olive,oil,palm,5
,,,
sweet,sauce,tangy,5
,,,
blind,eye,sighted,6
,,,
people,zombie,people,1
,,,
bedroom,room,bathroom,3
,,,
soy,sauce,tomato,3
,,,
sea,mammal,land,6
,,,
silky,ear,silky,6
,,,
church,minister,church,7
,,,
red,paper,white,6
,,,
dirty,laundry,clean,5
,,,
bubble,blow,air,6
,,,
wooden,sword,metal,5
,,,
flat,land,hilly,5
,,,
pink,ring,silver,5
,,,
boy,pants,boy,5
,,,
popcorn,maker,NA,NA
,,,
dress,clothes,everday,5
,,,
school,bus,passenger,6
,,,
fat,baby,fat,5
,,,
furniture,shop,grocery,3
,,,
pull,toy,NA,NA
,,,
brown,squirrel,brown,5
,,,
farm,truck,farm,5
,,,
curry,rice,white,5
,,,
vanilla,cookie,vanilla,6
,,,
red,block,NA,NA
,,,
round,ball,round,5
,,,
green,chest,brown,5
,,,
people,group,people,6
,,,
train,yard,stock,3
,,,
aquarium,car,NA,NA
,,,
mural,show,theater,4
,,,
daddy,kiss,mommy,5
,,,
squid,soda,fruit,5
,,,
red,wing,grey,5
,,,
food,group,NA,NA
,,,
thick,head,medium,5
,,,
sweet,pepper,spicy,5
,,,
yellow,collar,white,5
,,,
yellow,chick,yellow,6
,,,
striped,fish,solid,5
,,,
wooden,spoon,plastic,5
,,,
red,boot,brown,4
,,,
green,money,green,5
,,,
fuzzy,tail,fuzzy,6
,,,
purple,color,NA,NA
,,,
fold,blanket,fold,6
,,,
yellow,bib,white,5
,,,
upstairs,cafe,downstairs,5
,,,
game,mommy,NA,NA
,,,
witch,castle,human,7
,,,
dead,horse,alive,5
,,,
train,piece,NA,NA
,,,
stroke,room,NA,NA
,,,
red,circle,NA,NA
,,,
thick,marmalade,medium,5
,,,
rainbow,crayon,single,7
,,,
princess,puzzle,civilian,6
,,,
purple,pentagon,NA,NA
,,,
flying,horse,flightless,7
,,,
orange,planet,grey,5
,,,
glass,house,wood,4
,,,
brown,dot,black,6
,,,
screw,driver,car,5
,,,
wet,snow,wet,5
,,,
solid,door,solid,6
,,,
yellow,dinosaur,green,1
,,,
giant,piece,medium,5
,,,
purple,scribble,grey,4
,,,
lego,girl,flesh,6
,,,
grey,cloud,grey,5
,,,
dark,pet,NA,NA
,,,
daddy,elephant,NA,NA
,,,
dirty,pamper,clean,6
,,,
town,clerk,NA,NA
,,,
freeze,pop,NA,NA
,,,
naked,baby,clothed,6
,,,
wet,glue,wet,5
,,,
farm,dog,city,4
,,,
alphabet,toy,NA,NA
,,,
toast,stick,tree,6
,,,
lace,curtain,cloth,6
,,,
meat,pie,flour,6
,,,
lily,pad,lily,4
,,,
blond,girl,brunette,6
,,,
dairy,barn,storage,3
,,,
green,casing,NA,NA
,,,
dead,man,alive,5
,,,
red,pickle,gree,6
,,,
baby,cot,adult,6
,,,
yoyo,ball,NA,NA
,,,
fish,animal,bug,5
,,,
elephant,leg,human,3
,,,
table,tennis,table,4
,,,
skunk,baby,bug,5
,,,
water,tank,water,5
,,,
ant,powder,plant,5
,,,
brass,plate,NA,NA
,,,
yellow,tape,clear,5
,,,
head,stand,NA,NA
,,,
purple,heart,red,6
,,,
tv,retailer,online,4
,,,
purple,dress,white,3
,,,
broom,sweep,broom,6
,,,
staff,entertainment,consumer,6
,,,
car,stair,house,4
,,,
floor,face,NA,NA
,,,
bright,man,medium,5
,,,
dress,ring,real,6
,,,
bowl,bud,plant,5
,,,
green,mouth,pink,6
,,,
strawberry,cream,plain,5
,,,
dog,house,human,6
,,,
laughing,baby,neutral,5
,,,
mirror,tile,solid,6
,,,
freezing,plant,temperate,6
,,,
worm,food,human,5
,,,
bubble,maker,NA,NA
,,,
bubble,soup,still,6
,,,
dog,park,human,6
,,,
fairy,baby,human,3
,,,
pink,ball,white,4
,,,
classroom,window,room,6
,,,
purple,snake,green,5
,,,
mud,line,metal,6
,,,
office,group,farm,4
,,,
glass,cover,plastic,6
,,,
pet,food,human,5
,,,
frog,house,human,7
,,,
mouse,driver,human,7
,,,
wet,filter,wet,5
,,,
flip,top,flip,4
,,,
red,sand,yellow,6
,,,
hot,room,temperate,5
,,,
purple,soda,orange,3
,,,
toy,ship,real,5
,,,
daddy,book,NA,NA
,,,
game,contestant,game,5
,,,
red,bunny,white,5
,,,
ear,phone,hand,5
,,,
dinosaur,sticker,human,6
,,,
green,train,grey,4
,,,
dirty,honey,clean,6
,,,
shoe,horn,hand,5
,,,
bunny,cloud,NA,NA
,,,
red,cherry,red,5
,,,
candy,bag,shopping,5
,,,
green,pop,orange,3
,,,
dog,cheese,cow,4
,,,
yellow,dot,black,6
,,,
cough,medicine,cough,3
,,,
hot,potato,cold,6
,,,
ball,game,ball,3
,,,
mail,person,NA,NA
,,,
green,paddle,brown,4
,,,
candy,gumball,candy,7
,,,
boy,bear,NA,NA
,,,
hind,foot,hind,5
,,,
yellow,fish,silver,4
,,,
wet,rag,dry,6
,,,
pink,pillow,white,5
,,,
red,car,black,5
,,,
orange,hippo,grey,6
,,,
brother,tiger,NA,NA
,,,
water,toy,NA,NA
,,,
green,eye,brown,5
,,,
pink,orange,orange,7
,,,
fly,soup,meat,5
,,,
puppet,house,human,6
,,,
night,bear,day,6
,,,
inch,wire,NA,NA
,,,
bread,pasta,bread,6
,,,
karate,girl,NA,NA
,,,
nursery,school,elementary,4
,,,
red,jeep,black,3
,,,
pink,tulip,red,4
,,,
beach,ball,bearing,6
,,,
dark,suit,dark,5
,,,
orange,arm,brown,5
,,,
stick,bug,NA,NA
,,,
kitchen,water,sea,6
,,,
ground,rice,NA,NA
,,,
carpet,tile,floor,5
,,,
mommy,room,child,5
,,,
brown,paper,white,6
,,,
bunny,blanket,human,6
,,,
grey,shoe,grey,3
,,,
moon,beam,sun,6
,,,
red,match,red,4
,,,
hot,pan,cold,6
,,,
top,shop,bottom,5
,,,
pill,pen,ink,7
,,,
pink,purple,purple,7
,,,
peg,leg,flesh,6
,,,
frozen,chicken,alive,6
,,,
outside,hallway,inside,6
,,,
doctor,visit,doctor,5
,,,
singing,mommy,silent,6
,,,
pretzel,stick,tree,6
,,,
toy,bin,trash,5
,,,
engine,shed,storage,5
,,,
princess,cake,plain,5
,,,
trigger,fish,bristlemouth,5
,,,
kids,day,general,6
,,,
hot,cup,cool,6
,,,
plastic,table,wooden,5
,,,
log,book,novel,5
,,,
fish,tank,fish,5
,,,
poison,stem,safe,6
,,,
chief,accountant,junior,5
,,,
bear,mitten,human,6
,,,
forty,pound,NA,NA
,,,
bean,dish,NA,NA
,,,
dirty,cloth,clean,6
,,,
green,bean,pinto,4
,,,
baby,bear,adult,6
,,,
wet,foot,dry,6
,,,
diamond,button,plastic,6
,,,
letter,box,plain,5
,,,
swim,shoe,walking,6
,,,
bird,girl,human,3
,,,
battery,game,ball,4
,,,
mermaid,hole,NA,NA
,,,
dragon,guy,human,7
,,,
top,hit,middle,5
,,,
round,circle,round,7
,,,
brown,cookie,brown,5
,,,
fuzzy,ear,fuzzy,5
,,,
broken,toe,unbroken,6
,,,
fire,man,worker,5
,,,
orange,monkey,brown,6
,,,
noodle,worm,noodle,5
,,,
silver,line,NA,NA
,,,
mommy,chair,NA,NA
,,,
red,spot,NA,NA
,,,
dolly,dress,human,6
,,,
hummus,bread,plain,6
,,,
red,fish,silver,5
,,,
apple,barrel,oil,4
,,,
plastic,tunnel,dirt,6
,,,
red,lid,NA,NA
,,,
cardboard,cylinder,plastic,6
,,,
green,fire,orange,5
,,,
green,circle,NA,NA
,,,
yellow,lid,NA,NA
,,,
chalk,duster,cleaning,4
,,,
sweet,bread,plain,6
,,,
green,cap,grey,3
,,,
meadow,walk,field,4
,,,
baby,moon,adult,4
,,,
hound,letter,human,7
,,,
pony,piece,NA,NA
,,,
water,man,flesh,6
,,,
hot,syrup,cool,6
,,,
frozen,pea,unfrozen,6
,,,
shelve,divider,NA,NA
,,,
key,ring,NA,NA
,,,
baby,buggy,baby,4
,,,
people,rug,NA,NA
,,,
bottom,picture,NA,NA
,,,
bathroom,room,bathroom,3
,,,
pink,sword,grey,5
,,,
pink,bottom,NA,NA
,,,
top,refrigerator,NA,NA
,,,
table,honey,store,4
,,,
dark,bath,light,6
,,,
tooth,book,paper,5
,,,
daddy,chair,NA,NA
,,,
leg,room,NA,NA
,,,
oat,meal,NA,NA
,,,
trash,block,wood,3
,,,
bright,red,bright,4
,,,
potty,chair,NA,NA
,,,
dirty,bubble,clean,6
,,,
violin,teacher,piano,5
,,,
purple,suit,black,4
,,,
cutting,board,NA,NA
,,,
cathedral,choir,school,5
,,,
yellow,plane,white,5
,,,
astronaut,costume,NA,NA
,,,
door,handle,door,4
,,,
pink,block,NA,NA
,,,
bottom,dollar,middle,4
,,,
pink,tunnel,NA,NA
,,,
green,knife,grey,6
,,,
telephone,call,telephone,6
,,,
orange,shirt,grey,3
,,,
tartar,taste,plain,5
,,,
bible,school,educational,6
,,,
baby,mama,baby,7
,,,
green,noodle,tan,4
,,,
machinery,catalogue,clothes,4
,,,
chicken,noodle,plain,4
,,,
top,shelf,middle,5
,,,
plastic,wallet,leather,4
,,,
square,yard,rectangular,6
,,,
metal,piece,plastic,4
,,,
mommy,tiger,NA,NA
,,,
yellow,picture,NA,NA
,,,
computer,person,noncomputer,6
,,,
guy,knight,guy,7
,,,
brake,fluid,water,6
,,,
purple,ketchup,red,6
,,,
wall,tile,floor,5
,,,
sister,fight,brother,5
,,,
coffee,bean,pinto,4
,,,
dinosaur,head,ant,4
,,,
solid,block,solid,6
,,,
purple,pad,white,3
,,,
hot,balloon,temperate,5
,,,
toy,puppy,real,5
,,,
orange,bag,NA,NA
,,,
green,scissor,grey,3
,,,
red,cheek,brown,5
,,,
round,tower,square,4
,,,
plastic,glasses,plastic,4
,,,
banana,apple,apple,7
,,,
suite,shower,NA,NA
,,,
granddad,kiss,mom,5
,,,
broken,bat,unbroken,6
,,,
brick,house,wood,4
,,,
plastic,container,plastic,5
,,,
peanut,butter,peanut,5
,,,
yellow,curtain,beige,4
,,,
car,track,train,6
,,,
animal,book,human,6
,,,
sailor,collar,NA,NA
,,,
post,office,work,6
,,,
red,knob,grey,4
,,,
orange,soda,orange,4
,,,
ant,food,human,5
,,,
purple,sweater,grey,3
,,,
orange,block,NA,NA
,,,
purple,leg,brown,5
,,,
questionnaire,letter,informal,5
,,,
baby,turtle,adult,6
,,,
tee,shirt,tee,4
,,,
water,running,water,6
,,,
wheelie,bin,stationary,4
,,,
furniture,curtain,furnishing,7
,,,
water,honey,honey,7
,,,
room,sweet,NA,NA
,,,
picture,rail,real,6
,,,
toy,closet,real,6
,,,
honey,butter,dairy,6
,,,
red,toy,NA,NA
,,,
standing,wall,standing,6
,,,
bread,roll,bread,6
,,,
brown,hair,brown,5
,,,
red,sky,blue,4
,,,
oil,pot,cooking,4
,,,
wet,water,wet,7
,,,
red,tricycle,NA,NA
,,,
door,step,floor,6
,,,
purple,bracelet,silver,3
,,,
video,player,video,3
,,,
baby,bee,adult,5
,,,
boy,bike,NA,NA
,,,
kitchen,window,room,6
,,,
yellow,orange,orange,7
,,,
brown,blanket,grey,3
,,,
red,van,white,4
,,,
hot,roll,cold,5
,,,
bacon,toast,butter,5
,,,
spinach,dip,NA,NA
,,,
garden,soil,wild,6
,,,
cough,syrup,maple,4
,,,
elephant,garland,human,6
,,,
press,office,NA,NA
,,,
passenger,car,passenger,5
,,,
elephant,weight,ant,3
,,,
purple,cranium,grey,7
,,,
light,orange,NA,NA
,,,
princess,snack,civlian,6
,,,
secretary,table,worker,6
,,,
ocean,train,land,7
,,,
asteroid,hit,asteroid,5
,,,
fat,pig,fat,5
,,,
bible,road,NA,NA
,,,
yellow,mommy,brown,5
,,,
hot,rice,cool,6
,,,
dinosaur,artifact,human,7
,,,
mommy,cat,NA,NA
,,,
bouncing,ball,static,6
,,,
game,marble,building,6
,,,
bear,workshop,human,7
,,,
upstairs,stair,NA,NA
,,,
pee,pod,NA,NA
,,,
green,red,red,7
,,,
country,house,suburban,5
,,,
plum,soup,tomato,4
,,,
purple,bath,clear,6
,,,
wet,rug,dry,6
,,,
hall,lighting,house,4
,,,
foot,print,foot,6
,,,
pink,crayon,NA,NA
,,,
crab,line,human,6
,,,
dog,walk,human,6
,,,
bright,spot,NA,NA
,,,
chocolate,lollipop,cherry,5
,,,
street,shop,street,4
,,,
dirty,face,clean,6
,,,
furry,platypus,furry,6
,,,
mud,water,salt,6
,,,
picture,wall,plain,6
,,,
light,flashing,light,4
,,,
outhouse,door,room,6
,,,
microscope,spotlight,macroscopic,5
,,,
paper,shop,grocery,3
,,,
red,flap,NA,NA
,,,
video,tape,video,5
,,,
car,door,room,6
,,,
ant,aphid,aphid,7
,,,
art,museum,history,5
,,,
thick,gland,medium,5
,,,
stag,group,human,4
,,,
milk,jug,water,5
,,,
baby,bird,adult,6
,,,
singing,drawer,clothes,6
,,,
bathing,suit,work,5
,,,
brass,dart,plastic,6
,,,
dressing,table,kitchen,5
,,,
red,bed,grey,3
,,,
purple,window,clear,4
,,,
spot,check,NA,NA
,,,
bear,teddy,bear,5
,,,
banana,tree,apple,3
,,,
dogs,barking,dogs,5
,,,
top,drawer,middle,5
,,,
horse,running,NA,NA
,,,
eleven,pound,NA,NA
,,,
fire,officer,police,5
,,,
weight,bag,shopping,5
,,,
whisky,ginger,plant,5
,,,
red,string,white,4
,,,
icy,mountain,forested,5
,,,
orange,rain,clear,5
,,,
oatmeal,cookie,plain,5
,,,
food,company,services,5
,,,
wooden,floor,wooden,4
,,,
strawberry,bar,drink,5
,,,
bear,jump,bug,4
,,,
banana,mess,NA,NA
,,,
farm,house,suburb,5
,,,
red,tomato,red,5
,,,
shop,envelope,personal,5
,,,
bottom,drawer,middle,5
,,,
yellow,school,NA,NA
,,,
computer,game,computer,4
,,,
doggy,tail,fish,3
,,,
melon,ball,NA,NA
,,,
tea,room,bath,5
,,,
naked,mole,hairy,5
,,,
bunny,book,human,5
,,,
bug,spray,bug,5
,,,
brown,train,grey,3
,,,
flower,pot,flower,4
,,,
scaly,skin,smooth,6
,,,
hot,dog,temperate,5
,,,
red,bike,black,3
,,,
flat,cheese,flat,4
,,,
stuffed,animal,real,6
,,,
diaper,wipe,wet,5
,,,
night,plane,day,5
,,,
yellow,bird,grey,3
,,,
pop,opera,classical,5
,,,
tree,house,NA,NA
,,,
dark,leaf,medium,5
,,,
yellow,mom,brown,5
,,,
red,street,grey,6
,,,
pink,hair,brown,5
,,,
man,mum,woman,7
,,,
fish,jelly,NA,NA
,,,
bus,park,car,5
,,,
baby,talk,adult,6
,,,
orange,guy,brown,5
,,,
thick,mustache,medium,5
,,,
compost,pile,trash,5
,,,
press,jacket,plain,5
,,,
spider,head,ant,4
,,,
green,tie,navy,4
,,,
ear,lobe,NA,NA
,,,
back,room,NA,NA
,,,
outside,bird,outside,6
,,,
kid,driving,adult,7
,,,
gold,coffee,brown,6
,,,
honey,pot,flower,3
,,,
purple,book,NA,NA
,,,
wedding,day,normal,6
,,,
moon,rover,earth,6
,,,
dark,snake,NA,NA
,,,
penny,packet,NA,NA
,,,
car,driver,car,5
,,,
plastic,back,NA,NA
,,,
orange,colors,NA,NA
,,,
apple,juicer,apple,5
,,,
green,mountain,green,5
,,,
yellow,hippo,grey,6
,,,
hot,mama,cool,5
,,,
red,onion,yellow,5
,,,
cherry,tomato,tomato,7
,,,
doll,house,human,6
,,,
giant,puppet,medium,5
,,,
motor,car,motor,6
,,,
dark,lounge,dark,5
,,,
brown,sugar,white,5
,,,
telephone,ringing,alarm,3
,,,
red,pillow,white,5
,,,
silver,ship,NA,NA
,,,
hot,sundae,cold,7
,,,
pink,elephant,grey,6
,,,
brown,doggie,brown,4
,,,
yogurt,hair,hair,7
,,,
kids,honey,NA,NA
,,,
guy,walking,ant,4
,,,
taller,spoon,medium,5
,,,
pirate,necklace,civilian,4
,,,
cloudy,day,sunny,3
,,,
pink,towel,white,4
,,,
baby,snail,adult,6
,,,
purple,ring,silver,3
,,,
tv,company,services,5
,,,
sunny,side,NA,NA
,,,
purple,car,grey,3
,,,
green,monkey,brown,5
,,,
broken,door,unbroken,6
,,,
pink,bear,black,4
,,,
home,sign,store,5
,,,
plastic,mat,plastic,5
,,,
home,committee,NA,NA
,,,
dinosaur,book,human,6
,,,
male,goldfish,NA,NA
,,,
saw,blade,knife,4
,,,
baby,deer,adult,6
,,,
vampire,zombie,zombie,1
,,,
monkey,whisper,human,6
,,,
bathroom,shop,room,6
,,,
panel,radiator,panel,4
,,,
kitchen,net,fishing,5
,,,
red,horn,NA,NA
,,,
outside,shell,outside,6
,,,
octopus,show,human,6
,,,
racing,pigeon,normal,6
,,,
green,shamrock,green,6
,,,
land,motorway,land,7
,,,
pregnant,blond,nonpregnant,6
,,,
yellow,scarf,beige,3
,,,
track,record,NA,NA
,,,
shovel,scoop,spoon,5
,,,
colors,green,colors,6
,,,
orange,bug,black,3
,,,
green,lego,NA,NA
,,,
crease,mark,NA,NA
,,,
green,dish,brown,5
,,,
baby,hair,adult,5
,,,
gold,plate,white,5
,,,
piggy,bank,official,6
,,,
sugar,cube,ice,4
,,,
hay,ride,NA,NA
,,,
pink,flower,white,3
,,,
red,rectangle,NA,NA
,,,
squirt,toy,dry,6
,,,
panel,game,computer,4
,,,
fridge,freezer,freezer,7
,,,
lock,stock,NA,NA
,,,
naked,child,clothed,6
,,,
gold,star,white,5
,,,
gold,band,silver,5
,,,
room,bathroom,room,5
,,,
ceiling,tile,floor,5
,,,
dirty,swine,dirty,6
,,,
trash,yard,back,3
,,,
apple,book,NA,NA
,,,
puffin,nose,human,3
,,,
tv,day,tv,5
,,,
light,car,dark,4
,,,
butterfly,cake,plain,5
,,,
freeze,popsicle,freeze,6
,,,
girl,boot,guy,5
,,,
bunny,mask,NA,NA
,,,
goose,mama,NA,NA
,,,
gas,bill,water,3
,,,
hot,daddy,temperate,5
,,,
yellow,fuzz,brown,5
,,,
dorsal,fin,tail,3
,,,
fairy,pony,real,6
,,,
singing,voice,average,5
,,,
purple,rain,clear,7
,,,
message,machine,NA,NA
,,,
bait,shop,grocery,3
,,,
litter,tray,food,5
,,,
stuffed,mushroom,plain,6
,,,
leather,jacket,synthetic,5
,,,
teddy,book,human,6
,,,
brown,baby,brown,5
,,,
guy,dancing,NA,NA
,,,
dressing,gown,dressing,4
,,,
apple,feast,NA,NA
,,,
cracker,sandwich,meat,5
,,,
green,cheese,yellow,5
,,,
tiger,costume,NA,NA
,,,
butter,sandwich,meat,4
,,,
dinosaur,map,human,7
,,,
red,apple,red,5
,,,
lady,bug,ant,5
,,,
red,barn,red,4
,,,
light,bulb,light,4
,,,
cookie,jar,storage,5
,,,
tool,box,storage,6
,,,
spiky,fish,smooth,5
,,,
gingerbread,guy,flesh,6
,,,
orange,balloon,red,3
,,,
taller,one,medium,5
,,,
green,doggy,brown,4
,,,
tooth,mark,NA,NA
,,,
juicy,juice,juicy,7
,,,
dust,rag,NA,NA
,,,
day,break,NA,NA
,,,
mitten,tree,NA,NA
,,,
purple,pants,grey,4
,,,
stereo,computer,NA,NA
,,,
purple,red,red,7
,,,
railway,track,railway,6
,,,
yellow,roof,black,5
,,,
brake,pad,brake,4
,,,
pink,hat,black,4
,,,
back,row,middle,5
,,,
sleeveless,top,sleeved,5
,,,
red,pepper,red,5
,,,
elbow,hair,head,6
,,,
green,egg,white,6
,,,
tank,top,shirt,5
,,,
yellow,toe,brown,5
,,,
lady,car,man,5
,,,
robot,head,animal,6
,,,
shoe,store,grocery,3
,,,
chap,advertising,NA,NA
,,,
daddy,fish,childless,4
,,,
yellow,driver,brown,5
,,,
dog,dirt,NA,NA
,,,
quarter,bag,NA,NA
,,,
top,handle,NA,NA
,,,
choir,boy,silent,5
,,,
brown,mommy,brown,5
,,,
paper,bag,plastic,6
,,,
dead,baby,alive,6
,,,
pink,paper,white,6
,,,
hotel,room,house,5
,,,
hot,cereal,cold,6
,,,
baby,fish,adult,6
,,,
ocean,book,land,5
,,,
tape,recorder,tape,4
,,,
suite,room,suite,4
,,,
purple,edge,NA,NA
,,,
rock,honey,bee,7
,,,
yellow,lady,white,3
,,,
metal,door,wooden,5
,,,
telephone,cord,NA,NA
,,,
tail,piece,body,5
,,,
garden,hose,NA,NA
,,,
water,boil,water,5
,,,
cotton,lining,synthetic,5
,,,
red,berry,red,4
,,,
dolly,clothes,human,6
,,,
top,tooth,NA,NA
,,,
raisin,cookie,plain,4
,,,
purple,mom,brown,5
,,,
bubble,bath,still,6
,,,
exit,entrance,entrance,7
,,,
bear,home,human,6
,,,
smiley,sticker,NA,NA
,,,
slippery,leg,nonslippery,6
,,,
hot,strawberry,temperate,5
,,,
giant,dragon,medium,1
,,,
pear,yogurt,vanilla,4
,,,
red,honey,golden,6
,,,
shoe,wax,candle,5