adjective,noun,article,adj_article,llama_base_judgment
fat,hen,a,a,never
castle,puzzle,a,a,sometimes
red,hexagon,a,a,about half the time
red,dog,a,a,rarely
glazed,window,a,a,often
horned,viper,a,a,rarely
round,body,a,a,sometimes
coral,reef,a,a,always
girl,glass,a,a,rarely
pipe,cover,a,a,about half the time
elephant,mommy,a,an,often
smiley,cake,a,a,rarely
yellow,slab,a,a,almost always
top,buckle,a,a,never
green,suit,a,a,rarely
green,chain,a,a,often
purple,scissors,,,almost always
purple,circle,a,a,about half the time
roast,marshmallow,a,a,rarely
cookie,sheet,a,a,about half the time
street,corner,a,a,often
bath,tile,a,a,often
yellow,belt,a,a,never
green,horse,a,a,rarely
bed,breakfast,a,a,often
woolly,sheep,a,a,about half the time
bald,head,a,a,rarely
brown,stick,a,a,often
bridge,piece,a,a,about half the time
giant,fish,a,a,never
colored,ring,a,a,about half the time
farm,vehicle,a,a,rarely
yellow,zucchini,a,a,rarely
strawberry,oatmeal,,,rarely
garlic,powder,,,always
wooden,train,a,a,never
orange,pumpkin,a,an,often
pumpkin,face,a,a,never
toy,basket,a,a,never
outside,room,a,an,never
earth,worm,a,an,almost always
fat,body,a,a,almost always
bite,mark,a,a,sometimes
snow,tire,a,a,rarely
red,bag,a,a,sometimes
bright,light,a,a,often
football,game,a,a,often
navy,stripe,a,a,often
ear,ring,a,an,sometimes
room,door,a,a,about half the time
puzzle,piece,a,a,sometimes
dark,screen,a,a,often
bear,mask,a,a,almost always
blood,test,a,a,never
orange,necklace,a,an,never
pee,diaper,a,a,always
apple,head,a,an,always
room,suite,a,a,sometimes
strawberry,sauce,,,about half the time
dictionary,publisher,a,a,often
giant,sandwich,a,a,about half the time
riding,toy,a,a,often
purple,truck,a,a,never
baby,pool,a,a,rarely
green,leaf,a,a,often
back,side,a,a,often
wet,shoe,a,a,almost always
turkey,sty,a,a,almost always
fridge,magnet,a,a,sometimes
yellow,costume,a,a,sometimes
gas,cooker,a,a,rarely
mother,alligator,an,a,often
oval,triangle,a,an,never
green,tomato,a,a,about half the time
red,horse,a,a,about half the time
light,switch,a,a,about half the time
dead,ornament,an,a,never
pigeon,shit,,,often
apple,slice,a,an,about half the time
wet,girl,a,a,about half the time
candy,machine,a,a,never
jam,pot,a,a,rarely
lighting,hallway,a,a,almost always
music,toy,a,a,never
kitchen,counter,a,a,about half the time
green,slide,a,a,almost always
steam,shovel,a,a,always
baby,hippo,a,a,rarely
carrot,stick,a,a,rarely
sleeve,shirt,a,a,always
goods,shop,a,a,always
file,drawer,a,a,almost always
dirty,daddy,a,a,almost always
solid,smack,a,a,never
balloon,streamer,a,a,sometimes
foot,length,a,a,often
dead,skin,,,sometimes
sidewalk,chalk,,,often
fat,bunny,a,a,never
apple,tea,,,rarely
dirty,foot,a,a,never
record,run,a,a,almost always
seaside,cart,a,a,never
round,globe,a,a,always
purple,onion,an,a,often
red,cookie,a,a,rarely
school,teacher,a,a,often
dirty,water,,,almost always
curling,brush,a,a,almost always
girl,kiss,a,a,often
brown,dirt,,,almost always
circus,tent,a,a,rarely
hot,macaroni,,,about half the time
dark,green,,,sometimes
cinnamon,stick,a,a,never
ham,salad,a,a,rarely
roast,lamb,a,a,always
school,girl,a,a,sometimes
crispy,worm,a,a,never
gold,weaver,a,a,never
yellow,hoop,a,a,rarely
honey,pie,a,a,almost always
pencil,show,a,a,never
arrow,sign,a,an,almost always
track,suit,a,a,never
train,gate,a,a,rarely
red,notebook,a,a,never
oak,chest,a,an,rarely
navy,skirt,a,a,almost always
pink,robe,a,a,often
thick,eyelash,an,a,sometimes
slide,leg,a,a,always
cellar,door,a,a,never
maple,bar,a,a,never
motorway,bridge,a,a,almost always
cardboard,box,a,a,often
freezing,road,a,a,almost always
orange,tea,,,often
statue,toy,a,a,about half the time
crispy,brown,,,often
web,shooter,a,a,never
purple,bed,a,a,rarely
wastepaper,basket,a,a,sometimes
snow,leopard,a,a,rarely
back,flip,a,a,often
purple,cup,a,a,always
peach,juice,,,almost always
sweet,chocolate,,,often
dark,line,a,a,often
brown,egg,an,a,almost always
train,ride,a,a,rarely
red,room,a,a,sometimes
red,coral,,,never
dirty,tissue,a,a,sometimes
orange,glasses,,,never
orange,tube,a,an,rarely
explorer,suit,a,an,almost always
glass,table,a,a,almost always
colored,paper,a,a,rarely
trash,truck,a,a,rarely
fuzzy,slipper,a,a,almost always
bottom,tooth,a,a,always
girl,bed,a,a,sometimes
tennis,court,a,a,often
boxing,glove,a,a,rarely
hot,mom,a,a,always
feather,mattress,a,a,rarely
jelly,fish,a,a,almost always
tonic,water,,,almost always
dirty,bowl,a,a,almost always
dolphin,family,a,a,often
stroller,toy,a,a,almost always
green,tail,a,a,sometimes
silver,bell,a,a,almost always
red,flag,a,a,never
tattoo,heart,a,a,often
hot,water,,,often
baby,penguin,a,a,rarely
dress,piece,a,a,almost always
smiley,guy,a,a,often
hot,pepper,a,a,sometimes
farm,tractor,a,a,often
curly,tail,a,a,often
oatmeal,pie,a,an,rarely
green,jacket,a,a,never
back,porch,a,a,rarely
thick,canopy,a,a,almost always
green,vegetable,a,a,about half the time
purple,cat,a,a,always
dead,mommy,a,a,almost always
baby,elephant,an,a,rarely
bottom,lip,a,a,about half the time
bird,cage,a,a,rarely
thick,clip,a,a,rarely
kitty,cat,a,a,sometimes
office,phone,a,an,always
bottom,row,a,a,almost always
brown,spot,a,a,sometimes
sun,lotion,,,sometimes
yellow,bill,a,a,never
brown,bear,a,a,about half the time
garbage,can,a,a,sometimes
rice,cake,a,a,rarely
dancing,bud,a,a,never
hot,air,,,almost always
wooden,puzzle,a,a,about half the time
piano,piece,a,a,often
yellow,hair,,,rarely
bear,mama,a,a,almost always
pink,eyeball,an,a,never
smiley,girl,a,a,almost always
quarter,cup,a,a,sometimes
cum,store,a,a,always
marine,tank,a,a,almost always
teacher,day,a,a,often
green,edge,an,a,rarely
paint,can,a,a,about half the time
night,gown,a,a,rarely
cartoon,ring,a,a,never
ski,pants,,,rarely
green,beard,a,a,rarely
sugar,snack,a,a,about half the time
soup,kitchen,a,a,rarely
queen,crab,a,a,rarely
snow,book,a,a,never
hot,bowl,a,a,rarely
turtle,shell,a,a,rarely
night,dress,a,a,almost always
snow,dog,a,a,rarely
dish,cloth,a,a,always
cylinder,gas,,,often
baby,stroller,a,a,about half the time
cursive,letter,a,a,almost always
yellow,dragon,a,a,never
grape,fruit,a,a,almost always
red,sweet,a,a,rarely
green,scooter,a,a,sometimes
yellow,duckling,a,a,sometimes
orange,sticker,a,an,almost always
dirty,crayon,a,a,about half the time
stone,cup,a,a,rarely
gold,ticket,a,a,never
girl,hood,a,a,sometimes
giant,shadow,a,a,never
concrete,driveway,a,a,always
purple,dinosaur,a,a,about half the time
cereal,box,a,a,rarely
moon,game,a,a,almost always
girl,colors,a,a,always
burnt,charcoal,,,often
train,station,a,a,often
boy,sock,a,a,never
wood,window,a,a,never
green,triceratops,a,a,about half the time
thick,model,a,a,almost always
bottom,stair,a,a,about half the time
kettle,drum,a,a,rarely
baby,bunny,a,a,sometimes
closet,door,a,a,never
brown,bread,,,almost always
corn,fan,a,a,often
pink,noodle,a,a,never
purple,bunny,a,a,almost always
chip,cookie,a,a,often
green,airplane,an,a,about half the time
corner,house,a,a,sometimes
bottom,cupboard,a,a,almost always
poison,berry,a,a,rarely
plastic,bottle,a,a,almost always
pink,bubblegum,,,often
yellow,pants,,,sometimes
cell,phone,a,a,about half the time
yellow,overalls,,,never
fruit,sherry,,,almost always
cellar,key,a,a,never
tire,swing,a,a,sometimes
mommy,squirrel,a,a,about half the time
round,case,a,a,about half the time
baby,food,,,often
night,armadillo,an,a,almost always
orange,box,a,an,almost always
back,alley,an,a,often
paper,cup,a,a,rarely
pound,note,a,a,almost always
vegetable,salad,a,a,often
college,lecturer,a,a,often
yellow,submarine,a,a,rarely
bunny,rabbit,a,a,about half the time
water,board,a,a,never
ear,infection,an,an,about half the time
baby,piggy,a,a,often
pecan,cluster,a,a,sometimes
yellow,man,a,a,rarely
green,jungle,a,a,never
broken,bag,a,a,sometimes
nail,polish,,,often
dead,fish,a,a,rarely
pregnant,person,a,a,sometimes
thick,wood,,,often
sea,green,,,often
carrot,peel,a,a,about half the time
yarn,basket,a,a,almost always
walk,path,a,a,rarely
purple,star,a,a,never
eight,piece,a,an,rarely
bed,sheet,a,a,almost always
pill,box,a,a,almost always
blackberry,patch,a,a,often
fuzzy,teddy,a,a,often
red,color,a,a,often
hind,leg,a,a,almost always
jungle,gym,a,a,sometimes
dirty,player,a,a,never
curtain,window,a,a,often
cigar,smoke,,,almost always
baby,boy,a,a,often
orange,sweater,a,an,sometimes
fudge,sundae,a,a,never
knitting,basket,a,a,never
water,melon,a,a,sometimes
garlic,bread,,,never
pole,light,a,a,about half the time
brown,syrup,,,almost always
crispy,patty,a,a,often
crescent,moon,a,a,about half the time
gun,guard,a,a,almost always
bingo,game,a,a,almost always
marble,arch,an,a,always
toy,train,a,a,sometimes
dead,puppy,a,a,never
red,clay,,,about half the time
silky,blanket,a,a,rarely
door,valve,a,a,never
plant,root,a,a,always
mommy,fish,a,a,never
pirate,flag,a,a,rarely
broken,balloon,a,a,rarely
bright,orange,an,a,always
red,scissors,,,almost always
egg,soup,,,rarely
fish,aquarium,an,a,about half the time
clothes,basket,a,a,never
garden,tool,a,a,rarely
sleep,walk,a,a,often
blood,cell,a,a,sometimes
baby,ostrich,an,a,sometimes
dinner,table,a,a,often
purple,noodle,a,a,sometimes
cast,iron,an,a,almost always
cry,baby,a,a,almost always
baby,sheep,a,a,rarely
green,room,a,a,never
grey,boot,a,a,sometimes
pink,yogurt,,,rarely
pirate,movie,a,a,often
pink,shoe,a,a,about half the time
wooden,hammer,a,a,never
pet,toy,a,a,rarely
frozen,bean,a,a,never
fat,elephant,an,a,almost always
dogs,biscuit,a,a,never
hot,coffee,,,almost always
purple,lipstick,,,almost always
stew,pot,a,a,never
brown,table,a,a,rarely
jellyfish,family,a,a,never
sleeping,bag,a,a,rarely
hot,piggy,a,a,sometimes
multicolored,sign,a,a,about half the time
dog,poop,,,often
farm,movie,a,a,sometimes
green,hat,a,a,rarely
green,flag,a,a,never
navy,coat,a,a,often
microwave,lid,a,a,often
flat,roof,a,a,often
green,park,a,a,often
red,stair,a,a,rarely
path,hedge,a,a,rarely
plastic,track,a,a,often
dirty,banana,a,a,never
alphabet,block,a,an,never
baby,parrot,a,a,rarely
train,car,a,a,never
purple,snail,a,a,about half the time
green,zebra,a,a,rarely
horse,manure,,,often
yellow,cake,a,a,never
music,book,a,a,rarely
carrot,cake,a,a,rarely
rolling,pin,a,a,almost always
yellow,top,a,a,rarely
giant,frog,a,a,rarely
wooden,stick,a,a,always
dark,flower,a,a,rarely
home,county,a,a,almost always
green,book,a,a,almost always
dirty,cave,a,a,often
pink,skirt,a,a,never
fat,mama,a,a,almost always
green,dog,a,a,rarely
cookie,bake,a,a,sometimes
alphabet,puzzle,a,an,often
garden,shed,a,a,often
night,crawler,a,a,never
orange,pop,a,an,rarely
pop,corn,a,a,almost always
ox,tail,a,an,rarely
pound,hammer,a,a,often
heart,attack,an,a,almost always
brown,shoe,a,a,often
jaw,bone,a,a,rarely
red,lobster,a,a,about half the time
cracker,box,a,a,almost always
green,thumb,a,a,rarely
wig,hair,,,sometimes
caramel,sauce,,,rarely
curly,head,a,a,about half the time
wet,grandpa,a,a,rarely
slope,test,a,a,almost always
baby,panda,a,a,almost always
gas,fire,,,sometimes
boy,tooth,a,a,always
yellow,handle,a,a,almost always
marble,roll,a,a,almost always
twin,deck,a,a,about half the time
potty,sticker,a,a,sometimes
orange,plant,a,an,never
coffee,machine,a,a,often
jelly,container,a,a,sometimes
round,pumpkin,a,a,about half the time
body,puppet,a,a,never
daddy,waffle,a,a,sometimes
giant,dump,a,a,almost always
lobster,hat,a,a,rarely
outside,world,a,an,often
yellow,chicken,a,a,about half the time
bean,ball,a,a,often
red,ice,,,rarely
farm,shop,a,a,rarely
garlic,salt,,,never
pink,honey,,,rarely
weenie,firefly,a,a,never
fat,tummy,a,a,sometimes
cloud,smoke,,,often
car,boot,a,a,never
phone,line,a,a,about half the time
art,advisor,an,an,rarely
top,molar,a,a,often
wrapping,paper,a,a,almost always
road,sign,a,a,about half the time
hand,drive,a,a,never
bloody,nose,a,a,sometimes
baby,bottle,a,a,often
yellow,lip,a,a,almost always
pink,shorts,,,about half the time
fire,alarm,an,a,always
north,pole,a,a,about half the time
dog,mama,a,a,never
wiggle,dancing,,,about half the time
examination,board,a,an,often
bull,ant,an,a,often
brown,cap,a,a,almost always
kid,ride,a,a,never
yellow,ball,a,a,often
man,book,a,a,rarely
door,bell,a,a,almost always
dart,board,a,a,always
puppet,baby,a,a,sometimes
dinner,break,a,a,almost always
granite,horse,a,a,never
chest,plate,a,a,often
record,case,a,a,often
whale,hat,a,a,never
mommy,daddy,a,a,never
dinosaur,skull,a,a,often
tree,farm,a,a,rarely
orange,kitty,a,an,never
clown,nose,a,a,rarely
potty,break,a,a,often
bread,basket,a,a,never
giraffe,leg,a,a,almost always
fat,squirrel,a,a,rarely
fish,guts,,,almost always
bubble,soap,,,never
fuzzy,creature,a,a,about half the time
basket,ball,a,a,almost always
red,wagon,a,a,always
matchbox,car,a,a,almost always
jungle,ride,a,a,almost always
quiz,game,a,a,about half the time
colored,green,,,often
gold,ring,a,a,often
paint,drip,a,a,often
wet,slab,a,a,never
green,blanket,a,a,almost always
oil,filter,a,an,almost always
tan,car,a,a,almost always
green,grasshopper,a,a,almost always
bowling,ball,a,a,rarely
hot,tap,a,a,often
onion,ring,a,an,rarely
petrol,account,an,a,rarely
thistle,patch,a,a,often
dirty,mommy,a,a,almost always
bright,picture,a,a,sometimes
picture,book,a,a,almost always
step,stool,a,a,rarely
tree,branch,a,a,often
apple,cookie,a,an,rarely
bar,staff,,,never
rock,crowd,a,a,almost always
dirty,bottom,a,a,often
bug,lift,a,a,rarely
onion,gravy,,,never
skirt,stain,a,a,sometimes
green,grape,a,a,often
night,sky,a,a,never
solid,feed,,,about half the time
sky,diving,,,rarely
pirate,hat,a,a,never
giant,pillow,a,a,often
green,side,a,a,never
green,shirt,a,a,sometimes
pink,mirror,a,a,never
red,ear,an,a,never
blowing,bubble,a,a,often
grey,coat,a,a,often
giant,octopus,an,a,never
dwarf,tree,a,a,never
slippery,balloon,a,a,rarely
baby,pumpkin,a,a,sometimes
jelly,sandwich,a,a,never
octopus,video,a,an,rarely
hill,track,a,a,almost always
fuzzy,pants,,,never
spider,web,a,a,almost always
pony,ride,a,a,rarely
card,table,a,a,sometimes
giant,bean,a,a,almost always
song,book,a,a,rarely
art,school,a,an,sometimes
head,office,an,a,often
tire,mold,a,a,never
bear,sleeping,,,often
ice,cube,a,an,about half the time
dead,fly,a,a,often
dog,sticker,a,a,never
food,coloring,,,about half the time
apple,farm,a,an,almost always
bedroom,bathroom,a,a,rarely
sweet,drink,a,a,often
hot,egg,an,a,almost always
beach,token,a,a,rarely
brown,basket,a,a,sometimes
candy,corn,a,a,sometimes
library,book,a,a,about half the time
train,track,a,a,often
orange,wall,a,an,never
nylon,shirt,a,a,rarely
purple,pepperoni,,,sometimes
muscle,tissue,a,a,sometimes
outside,line,a,an,rarely
blind,mouse,a,a,sometimes
coral,piece,a,a,rarely
key,board,a,a,almost always
water,filter,a,a,often
root,beer,a,a,rarely
turkey,chip,a,a,rarely
grocery,store,a,a,often
back,seat,a,a,rarely
lemon,skin,,,rarely
fly,ball,a,a,often
purple,baby,a,a,never
plastic,piece,a,a,often
elephant,parade,a,an,rarely
purple,collar,a,a,rarely
brown,shirt,a,a,rarely
outside,lane,a,an,never
elephant,ear,an,an,rarely
paper,plate,a,a,about half the time
solar,shop,a,a,never
coat,hanger,a,a,almost always
comb,brooch,a,a,rarely
lighter,purple,,,sometimes
metal,plate,a,a,rarely
country,mansion,a,a,rarely
dolly,house,a,a,never
elephant,fly,a,an,rarely
green,bird,a,a,about half the time
red,squirrel,a,a,sometimes
candy,cane,a,a,rarely
fat,man,a,a,always
sewing,machine,a,a,never
tobacco,tin,a,a,about half the time
fuzzy,hair,,,about half the time
green,man,a,a,never
green,ear,an,a,rarely
ground,floor,a,a,about half the time
red,dress,a,a,about half the time
stair,carpet,a,a,almost always
chicken,wing,a,a,never
dancing,shoe,a,a,rarely
yellow,helicopter,a,a,almost always
wet,ball,a,a,often
pink,oval,an,a,never
mommy,lion,a,a,often
green,guy,a,a,rarely
bank,note,a,a,sometimes
mulberry,tree,a,a,almost always
orange,corner,a,an,never
dog,person,a,a,sometimes
furry,tail,a,a,rarely
dead,one,a,a,often
red,crayon,a,a,about half the time
bright,shirt,a,a,almost always
dark,eye,an,a,never
fish,puzzle,a,a,never
hot,shit,,,almost always
green,crayon,a,a,about half the time
circus,train,a,a,sometimes
loaf,pan,a,a,never
brown,hill,a,a,never
blond,boy,a,a,about half the time
stone,letter,a,a,almost always
dirty,basement,a,a,often
burnt,cookie,a,a,always
star,sticker,a,a,about half the time
bedroom,house,a,a,never
cloth,mum,a,a,almost always
pea,pod,a,a,almost always
cargo,car,a,a,never
clothes,furnishing,,,almost always
dish,washer,a,a,about half the time
cut,apple,an,a,never
tape,measure,a,a,never
red,bin,a,a,never
yellow,skull,a,a,often
thick,piece,a,a,often
potato,pie,a,a,rarely
explorer,guy,a,an,almost always
red,coat,a,a,sometimes
plastic,toy,a,a,rarely
quarry,tile,a,a,never
puppet,stage,a,a,sometimes
thick,mud,,,often
table,cloth,a,a,about half the time
baby,blanket,a,a,often
square,face,a,a,about half the time
fruit,machine,a,a,often
smooch,dance,a,a,often
outside,house,a,an,almost always
hair,cap,a,a,sometimes
purple,dog,a,a,rarely
tooth,fairy,a,a,rarely
wet,pants,,,almost always
flat,side,a,a,often
green,lawn,a,a,almost always
salty,egg,an,a,rarely
peach,material,a,a,about half the time
thick,loaf,a,a,never
fat,lady,a,a,rarely
letter,puzzle,a,a,about half the time
chocolate,chip,a,a,often
pink,tongue,a,a,about half the time
red,nose,a,a,almost always
green,ball,a,a,never
hot,tub,a,a,rarely
gingerbread,recipe,a,a,often
drawing,table,a,a,almost always
red,marker,a,a,about half the time
gas,pipe,a,a,never
giant,present,a,a,often
dark,forest,a,a,never
purple,block,a,a,rarely
orange,suit,a,an,rarely
yellow,guitar,a,a,rarely
shoe,room,a,a,almost always
grey,suite,a,a,often
chocolate,eclair,an,a,almost always
stamp,pad,a,a,rarely
bagel,dog,a,a,never
tree,frog,a,a,almost always
sugar,bowl,a,a,often
moist,soil,,,almost always
kitchen,floor,a,a,often
jelly,doughnut,a,a,often
hot,bath,a,a,almost always
pink,square,a,a,almost always
hot,fry,a,a,rarely
color,sand,,,often
rock,music,,,often
flower,stem,a,a,about half the time
yellow,ring,a,a,rarely
north,king,a,a,almost always
baby,room,a,a,always
pirate,sword,a,a,almost always
pencil,sharpener,a,a,about half the time
oval,face,a,an,about half the time
door,grill,a,a,never
navy,shorts,,,almost always
children,adult,an,a,always
building,downtown,a,a,never
town,dump,a,a,often
yellow,barrel,a,a,almost always
stall,light,a,a,sometimes
elephant,ride,a,an,never
pink,rake,a,a,never
sheet,side,a,a,always
breast,lump,a,a,never
red,house,a,a,never
bottom,piece,a,a,almost always
tooth,paste,a,a,almost always
carpet,shampoo,,,never
grease,mark,a,a,never
orange,frosting,,,rarely
camera,eye,an,a,almost always
hot,lava,,,always
butterfly,catcher,a,a,never
metal,bath,a,a,always
rubber,band,a,a,always
leaf,cake,a,a,rarely
green,bug,a,a,never
green,airship,an,a,never
green,ring,a,a,never
wooden,board,a,a,often
lacing,piece,a,a,almost always
rabbit,hole,a,a,rarely
broken,ride,a,a,almost always
purple,raindrop,a,a,rarely
hot,tray,a,a,almost always
letter,block,a,a,often
plastic,ball,a,a,often
fly,swatter,a,a,rarely
toy,lizard,a,a,almost always
daddy,crown,a,a,often
green,marble,a,a,about half the time
wet,kiss,a,a,often
lunch,box,a,a,often
sweet,tooth,a,a,never
bottom,bunk,a,a,sometimes
dinosaur,foot,a,a,almost always
elephant,trunk,a,an,almost always
pink,kitty,a,a,sometimes
apple,butter,,,rarely
green,flower,a,a,rarely
bed,room,a,a,never
building,block,a,a,almost always
ball,tent,a,a,sometimes
daddy,hand,a,a,almost always
street,lighting,,,almost always
yellow,stripe,a,a,almost always
pink,chair,a,a,sometimes
grocery,cart,a,a,always
gingerbread,man,a,a,sometimes
food,container,a,a,rarely
flower,pants,,,never
wheat,flour,,,often
brown,penny,a,a,almost always
purple,animal,an,a,rarely
flower,tree,a,a,rarely
lemon,juice,,,about half the time
yellow,room,a,a,almost always
daddy,hippo,a,a,rarely
road,license,a,a,almost always
juice,drop,a,a,almost always
washing,line,a,a,about half the time
purple,present,a,a,never
girl,mommy,a,a,often
hair,dryer,a,a,always
mommy,goat,a,a,often
sweet,tasting,a,a,almost always
red,controller,a,a,rarely
juicy,pear,a,a,often
brown,cow,a,a,sometimes
garden,chair,a,a,rarely
broken,toenail,a,a,sometimes
saucepan,spoon,a,a,almost always
animal,fat,,,always
page,moderator,a,a,often
icecream,maker,a,an,always
snow,seal,a,a,sometimes
paper,model,a,a,always
king,man,a,a,almost always
monkey,bar,a,a,never
curly,string,a,a,almost always
bubble,wand,a,a,almost always
pink,color,a,a,rarely
purple,diamond,a,a,rarely
tightrope,walker,a,a,rarely
attic,room,a,an,always
red,flower,a,a,sometimes
thick,hair,,,about half the time
burnt,toast,,,sometimes
red,heart,a,a,always
color,marker,a,a,often
screen,door,a,a,rarely
baby,piglet,a,a,almost always
popsicle,stick,a,a,never
pet,store,a,a,never
hotel,breakfast,a,a,rarely
light,saber,a,a,often
world,sea,a,a,almost always
violet,light,a,a,almost always
ice,hockey,,,almost always
brass,wire,a,a,rarely
purple,bag,a,a,never
purple,sock,a,a,rarely
country,air,,,rarely
meatball,dinner,a,a,often
back,door,a,a,rarely
mommy,shoe,a,a,never
round,pond,a,a,rarely
fax,machine,a,a,almost always
wax,paper,a,a,rarely
daddy,bug,a,a,rarely
sweat,pants,,,rarely
plastic,cupboard,a,a,never
drawing,board,a,a,sometimes
red,cup,a,a,often
baby,toy,a,a,about half the time
air,plane,a,an,never
dragon,boy,a,a,rarely
picnic,food,,,sometimes
green,worktop,a,a,sometimes
tom,cat,a,a,almost always
barn,door,a,a,rarely
dirty,clothes,,,often
sea,food,,,about half the time
pile,driver,a,a,never
dirty,basket,a,a,often
plastic,train,a,a,never
square,net,a,a,almost always
fax,phone,a,a,often
music,instrument,an,a,often
timber,fencing,,,sometimes
green,color,a,a,sometimes
apple,snack,a,an,almost always
chocolate,raisin,a,a,never
goldfish,soup,,,never
flaming,shake,a,a,rarely
cherry,popsicle,a,a,often
top,corner,a,a,never
crocodile,dinner,a,a,sometimes
sweet,violet,a,a,almost always
toilet,handle,a,a,never
karate,kick,a,a,rarely
red,panda,a,a,always
bunny,sleeping,,,always
baby,exercise,an,a,about half the time
purple,trunk,a,a,rarely
brown,circle,a,a,almost always
petrol,station,a,a,almost always
sweet,hay,,,never
fish,pond,a,a,almost always
pop,guns,a,a,almost always
caravan,season,a,a,almost always
kids,dance,a,a,about half the time
holly,wreath,a,a,almost always
thistle,spud,a,a,about half the time
student,bar,a,a,rarely
hot,oven,an,a,almost always
clothes,line,a,a,often
pumpkin,bear,a,a,never
garden,toolbox,a,a,rarely
green,line,a,a,almost always
back,ride,a,a,almost always
cut,tree,a,a,sometimes
chicken,nugget,a,a,often
dirty,dish,a,a,sometimes
oval,ball,a,an,almost always
roof,ventilation,,,sometimes
cod,oil,,,rarely
bat,file,a,a,never
wooden,door,a,a,almost always
flat,timber,,,almost always
plaid,coat,a,a,almost always
pop,star,a,a,never
lilac,jade,,,sometimes
world,cup,a,a,never
smoke,machine,a,a,often
purple,dolphin,a,a,rarely
hot,pickle,a,a,almost always
pink,star,a,a,always
radio,repair,a,a,sometimes
purple,pillow,a,a,sometimes
basketball,hoop,a,a,often
swimming,teacher,a,a,always
round,field,a,a,often
taxi,driver,a,a,about half the time
yellow,squash,a,a,sometimes
blind,corner,a,a,often
pink,spider,a,a,never
red,worm,a,a,sometimes
baby,game,a,a,sometimes
chief,advisor,an,a,never
round,table,a,a,often
star,command,a,a,often
giant,worm,a,a,sometimes
dirty,panty,a,a,sometimes
chip,pan,a,a,sometimes
skittle,gum,a,a,almost always
singing,dog,a,a,never
dirty,slide,a,a,almost always
honey,bunny,a,a,almost always
gift,shop,a,a,about half the time
house,pig,a,a,rarely
coral,bed,a,a,rarely
puddle,boot,a,a,sometimes
green,bowl,a,a,never
wash,basin,a,a,about half the time
tar,pit,a,a,almost always
orange,cake,a,an,never
red,meat,,,almost always
bronze,sword,a,a,never
yellow,egg,an,a,never
circus,car,a,a,rarely
wet,rain,,,often
bedroom,bungalow,a,a,about half the time
pirate,girl,a,a,sometimes
wrist,watch,a,a,often
guy,scream,a,a,about half the time
snow,clothes,,,rarely
bottom,edge,an,a,always
pirate,show,a,a,rarely
purple,card,a,a,often
toy,car,a,a,never
pink,phone,a,a,about half the time
square,knot,a,a,often
worker,man,a,a,always
dragon,attack,an,a,never
apple,sauce,,,about half the time
cataract,operation,an,a,almost always
plastic,bowl,a,a,almost always
panda,bear,a,a,rarely
green,dinosaur,a,a,always
dinner,bowl,a,a,never
leather,coat,a,a,often
entrance,hall,a,an,sometimes
fruit,juice,,,about half the time
ocean,floor,a,an,sometimes
hot,muffin,a,a,often
dark,cloud,a,a,never
vitamin,drop,a,a,often
body,shop,a,a,almost always
pig,boil,a,a,often
garage,door,a,a,rarely
paddle,game,a,a,always
hot,spice,a,a,rarely
heart,plate,a,a,sometimes
brake,light,a,a,almost always
purple,spider,a,a,about half the time
giant,meteor,a,a,rarely
yellow,puppy,a,a,almost always
library,picture,a,a,almost always
sister,elephant,an,a,rarely
motor,caravan,a,a,rarely
dark,ceiling,a,a,rarely
red,basket,a,a,rarely
purple,hat,a,a,about half the time
lip,stick,a,a,never
green,card,a,a,about half the time
bus,ride,a,a,almost always
bug,bite,a,a,never
dog,dish,a,a,rarely
hot,body,a,a,almost always
baby,sweater,a,a,never
triceratops,sand,,,never
fare,crossing,a,a,almost always
coral,snake,a,a,rarely
fat,piece,a,a,almost always
green,cat,a,a,never
stone,wall,a,a,sometimes
furry,caterpillar,a,a,never
phone,bill,a,a,almost always
red,light,a,a,sometimes
money,tree,a,a,almost always
red,balloon,a,a,almost always
sunny,day,a,a,often
wall,tiling,,,often
wet,hair,,,often
cock,eye,an,a,almost always
foot,lounge,a,a,rarely
wedding,dress,a,a,rarely
nap,video,a,a,rarely
red,knight,a,a,almost always
book,paperback,a,a,almost always
bedroom,window,a,a,almost always
hillbilly,baby,a,a,almost always
quarter,past,a,a,almost always
red,tie,a,a,sometimes
skunk,burger,a,a,sometimes
blueberry,pie,a,a,rarely
chalk,board,a,a,often
baby,lion,a,a,about half the time
yellow,snow,,,never
carp,family,a,a,sometimes
herb,garden,a,an,rarely
alcove,bedroom,a,an,almost always
swimming,suit,a,a,never
fruit,tree,a,a,about half the time
note,card,a,a,never
yellow,screw,a,a,rarely
hash,brown,,,often
sugar,plum,a,a,about half the time
potato,skin,,,rarely
chamber,pot,a,a,sometimes
orange,beak,a,an,often
fairy,lady,a,a,never
rice,milk,,,rarely
grape,juice,,,often
round,edge,an,a,rarely
water,fountain,a,a,almost always
office,chair,a,an,often
foot,pool,a,a,never
yellow,tube,a,a,almost always
yellow,knight,a,a,rarely
day,pastor,a,a,never
whale,squirt,a,a,rarely
pink,paint,,,about half the time
cookie,sandwich,a,a,never
giant,truck,a,a,often
flower,bed,a,a,rarely
yellow,wheel,a,a,rarely
dark,side,a,a,often
gold,balloon,a,a,about half the time
lemon,soda,,,never
purple,stage,a,a,almost always
cream,cake,a,a,rarely
puppy,food,,,never
baby,heart,a,a,never
smiley,ball,a,a,never
gold,guy,a,a,never
varnish,stripper,a,a,never
purple,square,a,a,never
red,phone,a,a,rarely
brown,pumpkin,a,a,rarely
flower,petal,a,a,always
instrument,panel,a,an,often
giant,saucer,a,a,sometimes
face,painting,a,a,rarely
curve,piece,a,a,sometimes
raisin,bun,a,a,rarely
milk,bar,a,a,rarely
pink,diamond,a,a,rarely
back,window,a,a,about half the time
apple,green,,,about half the time
outside,edge,an,an,never
string,puppet,a,a,never
green,tower,a,a,rarely
rolling,ball,a,a,often
rain,storm,a,a,often
green,popsicle,a,a,sometimes
hot,pants,,,rarely
light,lunch,a,a,sometimes
light,ball,a,a,sometimes
hammer,fork,a,a,always
farm,game,a,a,rarely
caterpillar,walking,,,often
wet,day,a,a,about half the time
red,roof,a,a,almost always
pink,collar,a,a,almost always
top,coat,a,a,always
bear,walking,,,almost always
flower,box,a,a,always
kid,cartoon,a,a,about half the time
yellow,paper,a,a,almost always
skating,girl,a,a,almost always
dead,brother,a,a,never
lady,song,a,a,sometimes
pink,ear,an,a,rarely
cookie,dough,,,almost always
light,green,,,often
edge,piece,a,an,about half the time
computer,scientist,a,a,sometimes
orange,star,a,an,almost always
farmer,lady,a,a,rarely
troll,bridge,a,a,never
fire,truck,a,a,rarely
slate,mine,a,a,rarely
brown,barn,a,a,about half the time
gold,game,a,a,never
police,car,a,a,rarely
tan,lotion,,,never
rectangle,diamond,a,a,never
baby,basket,a,a,rarely
broken,piece,a,a,sometimes
thick,person,a,a,about half the time
fish,book,a,a,never
purple,lollipop,a,a,often
hot,pot,a,a,rarely
hall,servant,a,a,always
crispy,piece,a,a,always
dictionary,writer,a,a,about half the time
thick,sandwich,a,a,rarely
square,block,a,a,rarely
puppy,dog,a,a,about half the time
farmer,truck,a,a,almost always
yellow,baby,a,a,often
hot,plastic,,,about half the time
hot,mommy,a,a,almost always
mud,puddle,a,a,sometimes
arcade,music,,,often
green,field,a,a,about half the time
cocktail,side,a,a,about half the time
telephone,box,a,a,rarely
quarter,inch,an,a,never
coffee,cake,a,a,sometimes
picnic,meal,a,a,about half the time
ice,tea,,,rarely
baby,spoon,a,a,rarely
yellow,page,a,a,about half the time
crystal,cave,a,a,almost always
light,wood,,,never
green,finger,a,a,rarely
block,building,a,a,always
baby,doll,a,a,almost always
elephant,trumpeting,,,almost always
yellow,rain,,,never
yard,clipping,a,a,rarely
back,garden,a,a,never
green,path,a,a,almost always
red,cutter,a,a,almost always
snow,ninja,a,a,sometimes
nose,guy,a,a,rarely
airplane,ride,a,an,often
fish,jump,a,a,about half the time
green,overalls,,,rarely
stump,grinder,a,a,almost always
singing,mama,a,a,sometimes
pink,clothes,,,often
dirty,hand,a,a,never
drum,stick,a,a,often
bear,cave,a,a,almost always
green,pants,,,rarely
hot,bun,a,a,never
pink,satin,,,about half the time
daddy,ear,an,a,about half the time
varnish,paint,,,sometimes
silver,car,a,a,often
giant,puzzle,a,a,almost always
red,pot,a,a,never
guy,wizard,a,a,almost always
red,door,a,a,almost always
picture,frame,a,a,often
infant,teacher,a,an,always
lizard,mom,a,a,rarely
lion,dung,,,never
orange,nose,a,an,rarely
puzzle,pile,a,a,about half the time
hot,fire,,,often
iron,sword,a,an,about half the time
gold,map,a,a,never
grandfather,clock,a,a,rarely
whisky,drop,a,a,never
paint,brush,a,a,about half the time
solid,rain,,,often
human,body,a,a,often
dead,plant,a,a,rarely
tea,cup,a,a,rarely
dirty,blanket,a,a,sometimes
chip,machine,a,a,always
leopard,seal,a,a,rarely
baby,leaf,a,a,rarely
yellow,circle,a,a,never
food,chain,a,a,never
fire,exit,an,a,often
mutant,peacock,a,a,rarely
red,drum,a,a,almost always
yellow,parrot,a,a,about half the time
dirty,plate,a,a,often
round,track,a,a,often
slippery,sock,a,a,rarely
baby,dog,a,a,sometimes
paw,print,a,a,often
red,towel,a,a,rarely
guy,robot,a,a,about half the time
red,stripe,a,a,sometimes
dirty,pants,,,sometimes
red,track,a,a,sometimes
meteor,crater,a,a,almost always
carpet,shop,a,a,almost always
green,candy,,,sometimes
thorn,bush,a,a,sometimes
hand,bag,a,a,almost always
yellow,line,a,a,often
green,frosting,,,rarely
square,pan,a,a,sometimes
pointy,tree,a,a,rarely
purple,necklace,a,a,never
cotton,candy,,,almost always
top,hat,a,a,never
potato,plant,a,a,never
color,popsicle,a,a,often
red,hole,a,a,sometimes
wall,clock,a,a,almost always
tea,pot,a,a,almost always
frog,toy,a,a,often
blooming,herb,a,a,almost always
bottom,shelf,a,a,about half the time
cup,cake,a,a,often
pink,brush,a,a,rarely
purple,boot,a,a,rarely
fruit,snack,a,a,about half the time
brown,coffee,,,often
yellow,sleeve,a,a,never
umbrella,handle,a,an,often
purple,tower,a,a,rarely
hot,cocoa,,,rarely
animal,cracker,a,an,almost always
broken,bridge,a,a,almost always
kid,scissors,,,sometimes
dog,book,a,a,almost always
furnishings,gift,a,a,about half the time
man,face,a,a,almost always
light,horse,a,a,often
phone,ring,a,a,often
red,top,a,a,about half the time
kids,block,a,a,almost always
giant,mess,a,a,about half the time
rolling,robot,a,a,about half the time
elephant,eye,an,an,rarely
lounge,window,a,a,never
green,strawberry,a,a,rarely
oven,door,a,an,often
dirty,girl,a,a,almost always
camera,man,a,a,often
maple,syrup,,,about half the time
pink,dinosaur,a,a,never
traffic,jam,,,often
mail,card,a,a,rarely
rope,ladder,a,a,sometimes
broken,cracker,a,a,sometimes
wooden,button,a,a,rarely
flat,edge,an,a,rarely
kid,toy,a,a,often
milk,man,a,a,sometimes
dancing,troop,a,a,almost always
sinus,infection,an,a,always
back,yard,a,a,about half the time
arm,pit,a,an,almost always
guy,talking,,,rarely
day,game,a,a,almost always
photo,album,an,a,sometimes
outside,guy,a,an,never
spaghetti,meatball,a,a,sometimes
kitchen,sink,a,a,sometimes
corner,piece,a,a,rarely
purple,octagon,an,a,rarely
diving,board,a,a,almost always
garden,worm,a,a,never
bright,star,a,a,about half the time
patio,door,a,a,rarely
brown,eye,an,a,often
banana,bread,,,never
enamel,shell,a,an,sometimes
furry,tummy,a,a,often
solar,eclipse,an,a,about half the time
purple,flower,a,a,rarely
drop,curtain,a,a,almost always
bull,frog,a,a,sometimes
purple,purse,a,a,rarely
video,camera,a,a,often
orange,animal,an,an,often
rag,doll,a,a,sometimes
yellow,sun,,,almost always
clothes,hamper,a,a,often
cookie,cutter,a,a,almost always
green,bow,a,a,rarely
plastic,card,a,a,almost always
giant,shoe,a,a,rarely
pink,pipe,a,a,often
orange,skittle,a,an,often
head,louse,a,a,often
purple,candy,,,about half the time
orange,square,a,an,rarely
cooker,gas,,,often
locked,closet,a,a,often
red,ant,an,a,sometimes
box,office,an,a,almost always
orange,frog,a,an,sometimes
mop,head,a,a,rarely
puppy,doggy,a,a,often
tool,repair,a,a,never
color,page,a,a,sometimes
hip,bone,a,a,rarely
red,ladybug,a,a,about half the time
red,wheel,a,a,often
purple,bat,a,a,sometimes
cake,shop,a,a,almost always
picture,hook,a,a,often
crusty,roll,a,a,almost always
bright,tail,a,a,sometimes
daddy,gorilla,a,a,almost always
ladies,toilet,a,a,never
gravel,pile,a,a,sometimes
dog,stand,a,a,often
clock,piece,a,a,often
yellow,shirt,a,a,sometimes
velvety,horse,a,a,sometimes
purple,cabbage,a,a,almost always
dirty,mouth,a,a,sometimes
top,trainer,a,a,sometimes
birth,present,a,a,almost always
dark,sky,a,a,never
coffee,milk,,,always
baby,bounce,a,a,about half the time
scar,scar,a,a,often
battery,drawer,a,a,rarely
circus,truck,a,a,rarely
room,table,a,a,never
boa,constrictor,a,a,often
car,transporter,a,a,almost always
bleeding,finger,a,a,rarely
human,head,a,a,almost always
ball,bounce,a,a,sometimes
yellow,light,a,a,rarely
tree,trunk,a,a,about half the time
ball,bearing,,,about half the time
sweat,gland,a,a,almost always
call,line,a,a,almost always
bin,liner,a,a,never
red,brush,a,a,sometimes
digger,truck,a,a,rarely
shovel,honey,,,never
cheese,pie,a,a,always
night,spider,a,a,about half the time
store,lady,a,a,almost always
teddy,bear,a,a,sometimes
medication,honey,,,almost always
school,book,a,a,sometimes
goldfish,day,a,a,never
toy,boy,a,a,never
pink,girl,a,a,rarely
people,town,a,a,often
worm,soup,,,never
pink,worm,a,a,about half the time
egg,shell,a,an,almost always
baby,song,a,a,never
furry,face,a,a,often
brown,mountain,a,a,rarely
red,coloring,,,never
patio,barbecue,a,a,always
blonde,hair,,,often
top,lid,a,a,often
wooden,reel,a,a,sometimes
iron,leg,a,an,never
baby,crayon,a,a,rarely
train,line,a,a,often
birth,day,a,a,never
doctor,kit,a,a,almost always
door,key,a,a,never
bus,fare,a,a,sometimes
solid,piece,a,a,sometimes
fish,soup,,,never
princess,bed,a,a,almost always
top,edge,an,a,never
turkey,sandwich,a,a,rarely
timer,switch,a,a,sometimes
red,mouse,a,a,almost always
green,garbage,,,rarely
wet,bird,a,a,almost always
yellow,pepper,a,a,never
dalmatian,dog,a,a,rarely
red,fence,a,a,often
daddy,pirate,a,a,about half the time
brown,clump,a,a,about half the time
red,airplane,an,a,rarely
military,police,,,sometimes
red,orange,an,a,rarely
bear,hunt,a,a,almost always
red,triangle,a,a,rarely
gas,station,a,a,never
pink,flamingo,a,a,often
yellow,tree,a,a,rarely
satellite,dish,a,a,rarely
cigar,smoking,,,never
dance,music,,,about half the time
candy,bar,a,a,rarely
egg,box,a,an,rarely
sand,box,a,a,rarely
pet,cage,a,a,almost always
yellow,coral,,,sometimes
dark,hair,,,always
vegetable,oil,,,often
green,picture,a,a,rarely
green,baby,a,a,sometimes
pant,leg,a,a,often
hedge,cutter,a,a,often
beef,hash,a,a,never
plastic,box,a,a,rarely
green,nose,a,a,almost always
brown,sauce,,,sometimes
yellow,coloring,,,always
hot,lunch,a,a,often
fish,stall,a,a,often
wire,sandwich,a,a,rarely
bright,color,a,a,often
bathroom,window,a,a,rarely
hot,ride,a,a,sometimes
tub,seat,a,a,about half the time
draw,picture,a,a,often
water,pipe,a,a,always
safari,hat,a,a,rarely
hot,seat,a,a,often
top,step,a,a,rarely
spider,ring,a,a,almost always
bottom,corner,a,a,never
cotton,ball,a,a,about half the time
record,button,a,a,sometimes
doll,baby,a,a,often
cat,product,a,a,never
rusty,bucket,a,a,never
gun,runner,a,a,never
washing,machine,a,a,almost always
naked,butt,a,a,rarely
cabbage,leaf,a,a,rarely
dirty,sock,a,a,rarely
karate,chop,a,a,almost always
yard,tent,a,a,never
goat,boy,a,a,rarely
father,duck,a,a,sometimes
pink,rattle,a,a,sometimes
witch,hair,,,never
crane,station,a,a,about half the time
toy,store,a,a,never
dark,ball,a,a,rarely
pink,corner,a,a,never
truck,piece,a,a,often
red,jumper,a,a,sometimes
pink,dot,a,a,sometimes
money,card,a,a,never
teapot,water,,,about half the time
chocolate,cake,a,a,often
person,game,a,a,almost always
sea,urchin,an,a,often
red,broccoli,,,never
bus,ticket,a,a,never
rock,pool,a,a,almost always
red,dragon,a,a,sometimes
movie,camera,a,a,never
flat,mouth,a,a,about half the time
salmon,leaping,a,a,rarely
outside,person,a,an,often
tin,tray,a,a,rarely
hand,glove,a,a,often
scout,group,a,a,about half the time
guy,beard,a,a,often
silver,beard,a,a,about half the time
smoke,stack,a,a,sometimes
rain,glasses,,,rarely
zucchini,plant,a,a,almost always
purple,bud,a,a,always
cash,till,a,a,often
pink,dragon,a,a,almost always
girl,case,a,a,about half the time
orange,cutter,a,an,rarely
kitchen,door,a,a,about half the time
pear,skin,,,sometimes
dirty,hamper,a,a,almost always
orange,sunset,a,an,about half the time
hot,wood,,,never
dirty,penny,a,a,often
dirty,cup,a,a,sometimes
apple,oatmeal,,,rarely
olive,green,,,rarely
pear,juice,,,never
water,spout,a,a,often
bacon,crisp,a,a,almost always
knife,edge,an,a,almost always
green,crunch,a,a,sometimes
doggy,bone,a,a,about half the time
yellow,eye,an,a,rarely
yellow,apple,an,a,often
farm,channel,a,a,almost always
boy,seat,a,a,never
machine,chap,a,a,rarely
eye,ball,a,an,never
thick,branch,a,a,never
sunny,path,a,a,often
back,step,a,a,rarely
brown,tail,a,a,never
gravel,border,a,a,rarely
pink,tights,,,almost always
store,room,a,a,almost always
frog,outfit,an,a,rarely
yellow,hay,,,often
red,strawberry,a,a,about half the time
dead,turtle,a,a,never
inch,square,a,an,rarely
shell,suit,a,a,always
honey,doll,a,a,rarely
ceiling,rose,a,a,never
baby,meat,,,sometimes
flat,surface,a,a,often
fat,head,a,a,never
circus,officer,an,a,about half the time
sweet,baby,a,a,almost always
purple,grape,a,a,almost always
pencil,eraser,an,a,almost always
tie,back,a,a,about half the time
massage,table,a,a,rarely
orange,leaf,a,an,never
sand,sheep,a,a,rarely
red,side,a,a,almost always
red,caboose,a,a,almost always
pink,window,a,a,rarely
sweet,pea,a,a,rarely
orange,angelfish,an,an,rarely
cork,tile,a,a,almost always
bleeding,head,a,a,almost always
brown,fur,,,often
mommy,elephant,an,a,sometimes
daddy,glasses,,,rarely
round,tree,a,a,rarely
red,bear,a,a,rarely
laundry,basket,a,a,never
egg,white,,,often
peacock,body,a,a,sometimes
green,plant,a,a,often
dead,worm,a,a,rarely
dog,food,,,sometimes
wine,sherry,,,sometimes
swimming,guy,a,a,about half the time
sign,gate,a,a,never
animal,magazine,a,an,rarely
furry,fuzzy,a,a,almost always
dinosaur,hunt,a,a,sometimes
food,shopping,,,always
draw,bridge,a,a,often
bath,door,a,a,almost always
triangle,piece,a,a,often
baby,brother,a,a,always
purple,boxcar,a,a,about half the time
broken,arm,an,a,about half the time
sickle,cell,a,a,rarely
snow,boot,a,a,sometimes
orange,heart,a,an,sometimes
hot,chicken,a,a,about half the time
ash,tray,a,an,almost always
radio,cassette,a,a,rarely
gold,reindeer,a,a,often
unbuttoned,jacket,a,an,often
cigar,box,a,a,rarely
frozen,water,,,almost always
red,fruit,a,a,about half the time
yellow,drum,a,a,rarely
lighter,hair,,,almost always
mashed,potato,a,a,rarely
oat,porridge,,,sometimes
festival,company,a,a,almost always
flat,piece,a,a,often
college,downtown,a,a,often
pony,tail,a,a,never
giant,thorn,a,a,never
sunny,spot,a,a,never
orange,pants,,,never
vanilla,chocolate,,,never
cheese,pizza,,,almost always
circus,animal,an,a,never
plastic,circle,a,a,rarely
chicken,dance,a,a,almost always
chicken,finger,a,a,never
green,piece,a,a,rarely
green,salad,a,a,rarely
brown,grey,,,rarely
tea,bag,a,a,always
top,floor,a,a,almost always
dinosaur,movie,a,a,about half the time
pink,lollypop,a,a,sometimes
fish,food,,,often
night,shirt,a,a,rarely
puppy,mom,a,a,almost always
purple,sand,,,rarely
yellow,train,a,a,always
pepperoni,pizza,,,often
yellow,leaf,a,a,about half the time
mommy,deer,a,a,sometimes
ear,plug,a,an,rarely
bird,box,a,a,rarely
back,bedroom,a,a,sometimes
food,pea,a,a,often
adult,alligator,an,an,sometimes
broken,foot,a,a,almost always
soccer,player,a,a,often
garbage,feast,a,a,never
red,cake,a,a,never
wet,soaking,a,a,often
bear,boob,a,a,often
dam,bush,a,a,rarely
dead,guy,a,a,sometimes
face,pumpkin,a,a,sometimes
primrose,oil,,,rarely
top,bunk,a,a,sometimes
red,popsicle,a,a,often
daddy,tape,a,a,almost always
land,horse,a,a,always
dog,collar,a,a,almost always
turtle,tank,a,a,rarely
yellow,key,a,a,sometimes
night,light,a,a,almost always
book,honey,,,rarely
top,gear,a,a,almost always
pink,bird,a,a,almost always
alloy,wheel,a,an,almost always
brown,leaf,a,a,almost always
test,barometer,a,a,never
baby,book,a,a,about half the time
plum,pudding,,,never
press,record,a,a,often
green,apple,an,a,never
workshop,downtown,a,a,rarely
boy,voice,a,a,never
dirty,fox,a,a,almost always
property,market,a,a,rarely
washing,powder,,,often
block,cheese,,,never
pink,tube,a,a,never
train,fare,a,a,rarely
dead,obituary,an,a,almost always
snow,man,a,a,rarely
farmer,overalls,,,about half the time
roast,beef,,,almost always
ironing,board,a,an,almost always
broken,string,a,a,almost always
wine,glasses,,,rarely
birth,date,a,a,about half the time
bottom,one,a,a,always
spider,monkey,a,a,rarely
farm,puppet,a,a,never
wash,room,a,a,never
red,ball,a,a,never
dust,wagon,a,a,rarely
gold,fish,a,a,rarely
burnt,finger,a,a,rarely
horse,box,a,a,rarely
mummy,shout,a,a,rarely
velcro,latch,a,a,rarely
curb,stone,a,a,rarely
batter,box,a,a,never
trash,call,a,a,almost always
brown,patch,a,a,almost always
dust,ball,a,a,about half the time
toy,bus,a,a,rarely
ginger,man,a,a,rarely
wood,sculpture,a,a,rarely
red,bug,a,a,about half the time
baby,chair,a,a,rarely
brick,fireplace,a,a,often
candy,piece,a,a,often
turkey,leg,a,a,never
red,bucket,a,a,almost always
pencil,box,a,a,often
fat,fryer,a,a,almost always
band,man,a,a,always
spray,bottle,a,a,often
unbuttoned,pants,,,almost always
dirty,mama,a,a,almost always
hot,curry,a,a,often
red,piranha,a,a,never
bear,family,a,a,almost always
daddy,face,a,a,often
yogurt,pudding,,,rarely
diaper,check,a,a,about half the time
mud,truck,a,a,often
fish,shop,a,a,almost always
mountain,bike,a,a,rarely
exit,sign,a,an,often
purple,food,,,rarely
baby,cub,a,a,always
food,restaurant,a,a,almost always
bath,tub,a,a,almost always
baseball,game,a,a,rarely
treasure,chest,a,a,sometimes
red,bird,a,a,sometimes
sweet,gift,a,a,often
yellow,piece,a,a,almost always
dirty,piggy,a,a,almost always
hot,soup,,,almost always
yellow,flower,a,a,sometimes
plastic,heron,a,a,rarely
dark,bikini,a,a,never
garbage,collector,a,a,rarely
hot,flaming,,,almost always
light,hair,,,about half the time
back,corner,a,a,never
green,stripe,a,a,often
slippery,ice,,,often
fat,boy,a,a,almost always
taller,bed,a,a,almost always
color,paper,a,a,about half the time
bubble,container,a,a,rarely
tan,wig,a,a,sometimes
red,gecko,a,a,about half the time
red,puppy,a,a,rarely
brown,ant,an,a,often
sweet,onion,an,a,never
baby,worm,a,a,sometimes
water,swim,a,a,always
fat,worm,a,a,almost always
intercom,beep,a,an,never
alarm,clock,a,an,about half the time
color,paint,,,often
cotton,shirt,a,a,almost always
hot,tot,a,a,almost always
cauliflower,pea,a,a,never
hot,wash,a,a,sometimes
ostrich,egg,an,an,rarely
silver,green,,,never
board,tile,a,a,never
pink,violet,a,a,rarely
dirty,nose,a,a,about half the time
ant,path,a,an,rarely
pumpkin,head,a,a,rarely
quarter,teaspoon,a,a,rarely
bright,paper,a,a,about half the time
heart,beat,a,a,never
red,road,a,a,often
hot,onion,an,a,rarely
orange,bead,a,an,sometimes
shaking,ball,a,a,sometimes
orange,dinosaur,a,an,almost always
daddy,bird,a,a,sometimes
green,marker,a,a,rarely
daddy,rooster,a,a,almost always
kitchen,table,a,a,sometimes
mackerel,fishing,,,rarely
green,pig,a,a,rarely
top,tap,a,a,almost always
pumpkin,farm,a,a,sometimes
orange,tummy,a,an,often
red,button,a,a,about half the time
yellow,bowl,a,a,rarely
bottom,oven,an,a,almost always
blowing,wind,,,often
tiger,picture,a,a,about half the time
street,sweeper,a,a,about half the time
entrance,door,a,an,almost always
water,table,a,a,sometimes
rocket,shot,a,a,about half the time
beef,sandwich,a,a,never
detective,show,a,a,often
pumpkin,pie,a,a,rarely
green,moose,a,a,rarely
orange,cat,a,an,almost always
yellow,tongue,a,a,rarely
purple,top,a,a,almost always
salmon,salad,a,a,rarely
purple,captain,a,a,often
bright,pink,,,sometimes
clown,hair,,,almost always
report,card,a,a,never
rainy,day,a,a,always
airline,pilot,a,an,almost always
school,boy,a,a,almost always
dragon,game,a,a,almost always
football,match,a,a,almost always
green,wreath,a,a,about half the time
molasses,swamp,a,a,rarely
pink,rose,a,a,about half the time
home,daddy,a,a,often
cutting,edge,an,a,sometimes
purple,eye,an,a,almost always
green,kitty,a,a,often
rail,ticket,a,a,often
hay,cart,a,a,never
wooden,platter,a,a,always
round,spot,a,a,never
garden,furniture,,,almost always
bar,bell,a,a,rarely
worm,belly,a,a,rarely
pastel,pink,,,often
prawn,sandwich,a,a,never
cabbage,plant,a,a,always
clock,tower,a,a,never
sleeping,policeman,a,a,often
thick,player,a,a,rarely
dog,beach,a,a,sometimes
fish,cracker,a,a,rarely
outside,tap,a,an,often
bubble,gum,a,a,about half the time
letter,tile,a,a,sometimes
purple,spaghetti,,,almost always
farmer,guy,a,a,about half the time
cut,grass,,,almost always
croquet,stroke,a,a,never
hay,cookie,a,a,never
green,ornament,an,a,almost always
water,tower,a,a,rarely
plant,pot,a,a,rarely
fat,roll,a,a,often
brown,coconut,a,a,never
purple,shoe,a,a,about half the time
giant,boy,a,a,rarely
green,pepper,a,a,often
purple,tail,a,a,never
ogre,lady,a,an,rarely
bow,colors,a,a,often
cross,bun,a,a,never
red,punch,a,a,often
pink,heart,a,a,never
cat,scratching,,,often
peppermint,candy,,,never
dirty,baby,a,a,sometimes
brown,mud,,,about half the time
food,board,a,a,almost always
slot,machine,a,a,rarely
yellow,door,a,a,almost always
dirty,diaper,a,a,almost always
roast,potato,a,a,about half the time
red,handle,a,a,never
water,drip,a,a,about half the time
puppet,show,a,a,rarely
yellow,bucket,a,a,about half the time
yellow,banana,a,a,about half the time
pink,tutu,a,a,often
solar,battery,a,a,never
ice,cream,,,about half the time
sugar,dough,,,never
barbecue,recipe,a,a,often
orange,flag,a,an,never
bunny,sleep,,,rarely
box,toy,a,a,often
dirt,road,a,a,never
orange,dot,a,an,always
tape,player,a,a,almost always
broken,egg,an,a,rarely
daddy,foot,a,a,about half the time
mommy,chin,a,a,never
green,coat,a,a,often
night,moon,a,a,about half the time
brown,suite,a,a,often
giant,committee,a,a,rarely
sweet,honey,,,almost always
school,room,a,a,never
giant,skyscraper,a,a,always
trash,book,a,a,sometimes
top,row,a,a,often
pink,coat,a,a,often
mud,pile,a,a,rarely
mommy,worm,a,a,often
farm,cat,a,a,almost always
crayon,pile,a,a,almost always
green,melon,a,a,always
aloe,plant,a,an,never
icy,coast,a,an,about half the time
refrigerator,door,a,a,rarely
baby,pig,a,a,sometimes
fire,grate,a,a,always
yellow,flag,a,a,rarely
baby,wipe,a,a,almost always
engine,train,a,an,often
fuzzy,peach,a,a,almost always
dirty,straw,a,a,rarely
bleach,water,,,about half the time
fishing,pole,a,a,never
snow,shovel,a,a,almost always
oven,top,a,an,never
yellow,reindeer,a,a,never
red,man,a,a,rarely
girl,doctor,a,a,sometimes
fat,doctor,a,a,never
brain,rot,,,never
red,hand,a,a,often
fat,face,a,a,sometimes
knee,joint,a,a,rarely
food,processor,a,a,sometimes
committee,report,a,a,about half the time
dirty,one,a,a,about half the time
green,hoop,a,a,always
wet,washing,,,almost always
top,oven,an,a,almost always
strawberry,juice,,,about half the time
cheddar,cracker,a,a,rarely
slipper,sock,a,a,sometimes
capital,letter,a,a,almost always
ground,almond,an,a,about half the time
vanilla,pudding,,,almost always
shower,tray,a,a,almost always
tracksuit,bottom,a,a,about half the time
dirty,park,a,a,sometimes
green,door,a,a,often
sweet,boy,a,a,rarely
red,reindeer,a,a,never
red,train,a,a,often
broken,leg,a,a,never
brown,gravy,,,often
smoke,salmon,,,often
cigarette,carton,a,a,sometimes
brass,drum,a,a,rarely
baby,booty,a,a,almost always
dirty,shirt,a,a,never
purple,triangle,a,a,never
bright,moonlight,,,often
icecream,scoop,a,an,never
sliced,cheese,,,rarely
sweet,cocoa,,,rarely
van,window,a,a,never
bunny,clothes,,,never
orange,tail,a,an,sometimes
bead,string,a,a,almost always
mirror,piece,a,a,never
yellow,guy,a,a,rarely
food,bowl,a,a,almost always
red,foot,a,a,rarely
bird,nest,a,a,often
color,clothes,,,almost always
elephant,puzzle,a,an,never
window,frame,a,a,often
pink,snail,a,a,almost always
blind,mom,a,a,rarely
teddy,workshop,a,a,always
rabbit,stew,a,a,almost always
purple,horn,a,a,sometimes
puzzle,book,a,a,sometimes
farm,animal,an,a,often
tiger,baby,a,a,never
wet,whisker,a,a,about half the time
tube,company,a,a,almost always
steel,worker,a,a,always
yellow,brush,a,a,rarely
orange,leg,a,an,sometimes
green,spider,a,a,rarely
jump,rope,a,a,rarely
bright,beak,a,a,often
brown,path,a,a,never
naked,person,a,a,about half the time
furry,bear,a,a,often
green,cactus,a,a,often
soldier,crab,a,a,almost always
purple,turtle,a,a,never
plastic,metal,,,often
juicy,meat,a,a,often
yellow,rake,a,a,rarely
pink,pig,a,a,almost always
mama,elephant,an,a,sometimes
baby,sock,a,a,almost always
green,shell,a,a,almost always
room,clock,a,a,almost always
fish,skeleton,a,a,never
mutton,head,a,a,almost always
strawberry,color,a,a,sometimes
chicken,coop,a,a,almost always
curtain,ring,a,a,never
manor,ground,,,almost always
hill,riding,,,often
paddle,wheel,a,a,almost always
country,mouse,a,a,almost always
purple,saber,a,a,rarely
red,kite,a,a,sometimes
baby,monkey,a,a,sometimes
rubber,book,a,a,almost always
sun,block,a,a,often
mantel,fire,,,almost always
porcelain,doll,a,a,often
cut,dude,a,a,about half the time
quarter,moon,a,a,about half the time
pink,pickle,a,a,never
silver,packet,a,a,often
bear,cub,a,a,about half the time
broken,tv,a,a,rarely
poison,apple,an,a,rarely
stroller,baby,a,a,often
solid,path,a,a,almost always
top,penthouse,a,a,never
red,planet,a,a,almost always
cookie,day,a,a,often
noodle,soup,,,sometimes
television,actress,an,a,almost always
solid,line,a,a,often
baby,raccoon,a,a,about half the time
frame,chip,a,a,rarely
bright,punch,a,a,rarely
yellow,saddle,a,a,almost always
mommy,doggie,a,a,almost always
cinnamon,roll,a,a,often
foot,ball,a,a,often
puzzle,maker,a,a,sometimes
purple,teddy,a,a,about half the time
room,slipper,a,a,often
wood,cylinder,a,a,often
pink,scooter,a,a,sometimes
manual,gear,a,a,almost always
concrete,floor,a,a,almost always
yellow,mouth,a,a,almost always
plant,debris,,,often
shield,brooch,a,a,almost always
outside,soccer,,,always
upstairs,sleeping,,,always
ladybug,toy,a,a,sometimes
tonic,glass,a,a,never
fish,pie,a,a,rarely
purple,bug,a,a,never
red,jacket,a,a,almost always
flower,piece,a,a,often
tissue,paper,a,a,almost always
city,mouse,a,a,about half the time
dark,shadow,a,a,almost always
green,toy,a,a,about half the time
wet,bucket,a,a,always
sister,game,a,a,almost always
bottom,hair,,,always
frog,book,a,a,rarely
juicy,worm,a,a,never
diving,dummy,a,a,almost always
purple,flag,a,a,never
snow,tiger,a,a,rarely
dark,tunnel,a,a,often
umbrella,tree,a,an,sometimes
fuzzy,bone,a,a,never
glass,slipper,a,a,never
dinosaur,hunter,a,a,rarely
shop,book,a,a,almost always
sister,church,a,a,about half the time
color,block,a,a,never
baby,person,a,a,rarely
dark,chap,a,a,rarely
green,bone,a,a,always
ocean,world,a,an,always
wet,man,a,a,sometimes
purple,guy,a,a,never
broken,pen,a,a,rarely
solid,hedge,a,a,never
green,bag,a,a,rarely
fish,hook,a,a,rarely
yellow,glasses,,,rarely
sea,horse,a,a,rarely
wooden,table,a,a,often
yellow,sheet,a,a,rarely
jet,engine,an,a,never
night,star,a,a,never
color,grey,,,always
country,lane,a,a,never
orange,rock,a,an,rarely
bank,account,an,a,never
train,table,a,a,never
dead,dad,a,a,rarely
group,secretary,a,a,about half the time
basket,game,a,a,sometimes
yellow,girl,a,a,almost always
mucus,sack,a,a,never
dirty,tank,a,a,always
brown,bag,a,a,never
marble,hearth,a,a,rarely
box,cooler,a,a,often
movie,puppet,a,a,often
cigarette,smoke,,,sometimes
dinosaur,leg,a,a,almost always
green,glove,a,a,about half the time
baby,nose,a,a,never
dead,battery,a,a,about half the time
car,mat,a,a,almost always
dead,ant,an,a,almost always
lemon,chicken,a,a,almost always
giant,bomb,a,a,often
round,cracker,a,a,sometimes
brown,person,a,a,sometimes
library,ticket,a,a,often
lobster,pot,a,a,almost always
brown,writing,,,often
round,scissors,,,almost always
red,tape,a,a,rarely
bunny,ear,an,a,rarely
baby,rabbit,a,a,never
school,report,a,a,often
red,puck,a,a,rarely
green,uniform,a,a,almost always
top,line,a,a,almost always
wax,coat,a,a,almost always
rocky,truck,a,a,rarely
yellow,hand,a,a,almost always
giant,caterpillar,a,a,almost always
brown,belt,a,a,sometimes
baby,giraffe,a,a,sometimes
animal,puzzle,a,an,sometimes
plant,food,,,sometimes
gym,teacher,a,a,about half the time
pink,boot,a,a,almost always
bike,riding,,,always
bath,toy,a,a,about half the time
money,broker,a,a,rarely
round,mark,a,a,sometimes
knuckle,head,a,a,almost always
crusty,loaf,a,a,almost always
video,store,a,a,rarely
toilet,seat,a,a,never
sweet,girl,a,a,often
toe,soup,,,rarely
icy,drink,a,an,almost always
tooth,brush,a,a,never
diamond,piece,a,a,never
dirty,key,a,a,almost always
purple,cocoon,a,a,rarely
princess,sticker,a,a,rarely
purple,coat,a,a,rarely
gum,tree,a,a,sometimes
top,prize,a,a,almost always
lunch,break,a,a,never
giant,cloud,a,a,never
planet,earth,,,almost always
fire,hose,a,a,rarely
fat,chap,a,a,almost always
mother,pig,a,a,often
red,pants,,,rarely
purple,button,a,a,never
baby,gorilla,a,a,almost always
sleeping,dolphin,a,a,always
solid,bronze,,,often
scrap,paper,a,a,almost always
girl,bike,a,a,never
bean,plant,a,a,rarely
purple,wing,a,a,never
sweet,heart,a,a,almost always
farmer,market,a,a,rarely
dirty,truck,a,a,about half the time
brown,marker,a,a,never
painting,shirt,a,a,rarely
flat,table,a,a,about half the time
boiling,pot,a,a,often
colored,dot,a,a,almost always
yellow,rubber,,,sometimes
red,boat,a,a,often
standing,penguin,a,a,about half the time
cat,hair,,,sometimes
roof,rack,a,a,almost always
bean,sprout,a,a,about half the time
whale,song,a,a,almost always
red,turtle,a,a,never
red,penguin,a,a,never
parmesan,cheese,,,almost always
hill,top,a,a,sometimes
cottage,cheese,,,almost always
dark,rock,a,a,about half the time
round,corner,a,a,almost always
cake,baby,a,a,sometimes
yellow,outfit,an,a,about half the time
shave,rash,a,a,sometimes
scrap,heap,a,a,sometimes
air,push,a,an,never
girl,hair,,,often
shoe,polish,,,almost always
red,whale,a,a,never
sweet,pie,a,a,about half the time
bald,boy,a,a,often
stone,coating,a,a,often
truck,mom,a,a,about half the time
orange,kitten,a,an,often
giant,head,a,a,almost always
daddy,horse,a,a,about half the time
roller,coaster,a,a,almost always
frozen,room,a,a,rarely
gold,dust,,,about half the time
pink,carpet,a,a,almost always
juicy,pineapple,a,a,often
red,book,a,a,rarely
wooden,piece,a,a,sometimes
water,bucket,a,a,always
night,bird,a,a,almost always
tap,dance,a,a,sometimes
bread,crust,a,a,almost always
floor,archway,an,a,rarely
shark,game,a,a,rarely
hot,radiator,a,a,often
boy,baby,a,a,about half the time
paper,towel,a,a,never
stage,spot,a,a,rarely
bible,book,a,a,always
purple,handle,a,a,rarely
star,red,,,always
green,snake,a,a,never
purple,train,a,a,almost always
beetle,game,a,a,about half the time
garden,tree,a,a,almost always
thick,soup,,,almost always
river,shack,a,a,never
red,machine,a,a,sometimes
stomach,bug,a,a,rarely
strawberry,cookie,a,a,almost always
pink,fur,,,rarely
color,purple,,,always
meal,guy,a,a,almost always
orange,truck,a,an,rarely
tin,can,a,a,almost always
daddy,lion,a,a,often
sweet,guy,a,a,always
rocket,ship,a,a,rarely
copper,dagger,a,a,never
brick,wall,a,a,never
camp,fire,a,a,almost always
purple,water,,,never
air,conditioner,,,almost always
throw,ball,a,a,sometimes
ham,ball,a,a,rarely
red,railing,a,a,never
solid,color,a,a,almost always
bulletin,board,a,a,never
yellow,metal,,,rarely
wood,basket,a,a,sometimes
grey,clay,,,sometimes
dirty,mitt,a,a,almost always
glass,door,a,a,never
green,cup,a,a,never
mommy,movie,a,a,rarely
orange,ear,an,an,about half the time
orange,piece,a,an,always
human,race,a,a,about half the time
baseball,bat,a,a,rarely
hot,grease,,,often
grill,cheese,,,sometimes
golf,ball,a,a,almost always
water,plant,a,a,never
yellow,hose,a,a,sometimes
string,bean,a,a,often
cow,manure,,,often
swim,trunk,a,a,never
bleeding,phone,a,a,never
gum,flavor,a,a,never
giant,yogurt,,,never
heart,sweet,a,a,often
roll,shot,a,a,often
blueberry,juice,,,almost always
green,grass,,,always
slope,testing,a,a,often
wrestling,guy,a,a,often
squirt,gun,a,a,rarely
smoke,alarm,an,a,often
phone,box,a,a,never
stock,room,a,a,rarely
bamboo,shoot,a,a,about half the time
red,hat,a,a,often
hippopotamus,face,a,a,rarely
yellow,moon,a,a,about half the time
hand,print,a,a,almost always
snow,flake,a,a,almost always
hot,cookie,a,a,often
pterodactyl,leg,a,a,rarely
derby,girl,a,a,rarely
baby,beluga,a,a,about half the time
fence,post,a,a,always
pink,bag,a,a,about half the time
purple,shirt,a,a,almost always
calendar,book,a,a,almost always
juicy,fruit,a,a,almost always
gold,key,a,a,sometimes
purple,girl,a,a,never
till,receipt,a,a,often
back,fence,a,a,often
green,frog,a,a,almost always
kid,person,a,a,sometimes
sweet,mama,a,a,often
rain,day,a,a,almost always
baby,platypus,a,a,always
green,mat,a,a,rarely
spa,camera,a,a,never
piggy,ride,a,a,almost always
poker,game,a,a,rarely
box,tape,a,a,almost always
ballet,skirt,a,a,rarely
plastic,bag,a,a,almost always
green,water,,,about half the time
orange,fish,a,an,never
onion,stuffing,,,often
bow,honey,,,always
water,ride,a,a,almost always
stuffed,crocodile,a,a,rarely
purple,pony,a,a,rarely
orange,lip,a,an,almost always
bear,eye,an,a,never
yellow,duck,a,a,sometimes
pumpkin,bread,,,rarely
locked,gate,a,a,often
green,plate,a,a,sometimes
pink,balloon,a,a,about half the time
flaming,desk,a,a,rarely
sheet,pan,a,a,almost always
yellow,milk,,,rarely
boat,person,a,a,never
candy,apple,an,a,rarely
purple,juice,,,rarely
wire,hair,,,often
chest,paddling,a,a,sometimes
day,person,a,a,almost always
red,dinosaur,a,a,always
brown,oatmeal,,,about half the time
dark,picture,a,a,almost always
glue,stick,a,a,rarely
boy,doctor,a,a,never
dark,rabbit,a,a,about half the time
dragon,bear,a,a,never
bear,track,a,a,about half the time
hot,desert,a,a,sometimes
brown,ribbon,a,a,never
dirty,suit,a,a,rarely
door,frame,a,a,almost always
pink,fan,a,a,rarely
parent,girl,a,a,often
hen,egg,an,a,about half the time
bear,head,a,a,never
pumpkin,muffin,a,a,rarely
plastic,sack,a,a,sometimes
soapy,water,,,never
pink,makeup,,,about half the time
turtle,purple,,,almost always
plastic,grid,a,a,often
pearl,ribbon,a,a,sometimes
wooden,side,a,a,rarely
apple,cinnamon,,,sometimes
piggy,toe,a,a,almost always
swamp,land,,,never
bathroom,suite,a,a,almost always
dirty,tractor,a,a,never
thick,tights,,,sometimes
red,sun,,,rarely
red,crab,a,a,almost always
dirty,mess,a,a,sometimes
baby,chick,a,a,about half the time
fridge,door,a,a,never
doggy,food,,,almost always
brown,beard,a,a,sometimes
purple,bear,a,a,never
giant,creature,a,a,almost always
yellow,octagon,an,a,sometimes
dark,mulch,,,often
green,light,a,a,never
church,warden,a,a,never
varnish,stain,a,a,always
square,pretzel,a,a,rarely
red,ruby,a,a,always
solid,food,,,often
hot,pipe,a,a,almost always
green,balloon,a,a,often
muffin,pan,a,a,rarely
orange,green,,,rarely
milk,pint,a,a,rarely
bathroom,ceiling,a,a,never
ear,drum,a,an,rarely
thick,cheese,,,never
mud,pool,a,a,rarely
orange,peel,a,an,always
red,bell,a,a,rarely
red,eye,an,a,rarely
purple,robe,a,a,rarely
snare,drum,a,a,almost always
riding,horse,a,a,about half the time
bunny,costume,a,a,almost always
baby,voice,a,a,often
steam,engine,an,a,rarely
purple,corner,a,a,never
saucepan,lid,a,a,about half the time
pink,slipper,a,a,rarely
brown,wing,a,a,sometimes
fence,door,a,a,almost always
red,bridge,a,a,never
orange,carrot,a,an,never
car,engine,an,a,often
wet,wipe,a,a,often
fish,meal,a,a,often
yellow,marble,a,a,often
blood,vessel,a,a,often
marble,painting,a,a,never
yellow,mustache,a,a,sometimes
linen,closet,a,a,sometimes
sticker,book,a,a,never
red,clock,a,a,about half the time
candy,man,a,a,often
window,sill,a,a,rarely
mulberry,bush,a,a,sometimes
blueberry,tea,,,rarely
green,square,a,a,sometimes
scavenger,hunt,a,a,never
green,tube,a,a,about half the time
gulf,stream,a,a,never
green,tummy,a,a,sometimes
blood,check,a,a,almost always
dirty,town,a,a,often
baby,bubble,a,a,sometimes
outside,basket,a,an,sometimes
bed,explorer,an,a,never
telephone,point,a,a,never
wood,worm,a,a,never
finger,nail,a,a,almost always
gas,cooking,,,often
car,green,,,almost always
baby,stick,a,a,almost always
potty,book,a,a,often
brown,lettuce,,,sometimes
fish,dad,a,a,never
country,music,,,about half the time
fire,hydrant,a,a,always
sea,baby,a,a,never
toy,tub,a,a,often
colored,worm,a,a,about half the time
purple,ball,a,a,about half the time
mitten,back,a,a,almost always
cookie,crumb,a,a,often
plastic,fork,a,a,rarely
passenger,train,a,a,often
giant,cat,a,a,often
survey,photograph,a,a,often
purple,wrapper,a,a,always
slam,dunk,a,a,almost always
pirate,ship,a,a,rarely
green,straw,a,a,rarely
giant,squid,a,a,sometimes
bald,guy,a,a,about half the time
tomato,sauce,,,often
pink,sweater,a,a,often
orange,bean,a,an,almost always
sleigh,bell,a,a,often
green,key,a,a,rarely
brown,crayon,a,a,rarely
outside,window,a,an,almost always
red,pole,a,a,almost always
red,rose,a,a,often
yellow,dress,a,a,rarely
liver,oil,,,almost always
surf,board,a,a,often
dirty,ground,,,rarely
purple,moon,a,a,rarely
swim,dolphin,a,a,about half the time
green,rain,,,almost always
baby,body,a,a,about half the time
orange,baby,a,an,never
cheese,packet,a,a,rarely
velvety,calf,a,a,sometimes
egg,bread,,,rarely
salmon,sandwich,a,a,rarely
chocolate,log,a,a,never
ballroom,dancing,,,sometimes
pine,needle,a,a,about half the time
eye,shadow,a,an,rarely
purple,plant,a,a,never
wheat,cracker,a,a,rarely
transporter,company,a,a,about half the time
green,candle,a,a,almost always
green,sugar,,,almost always
brick,piece,a,a,always
purple,spoon,a,a,rarely
red,letter,a,a,never
bowling,pin,a,a,almost always
military,person,a,a,often
bank,card,a,a,about half the time
green,shoe,a,a,rarely
hedge,shears,,,often
square,balloon,a,a,rarely
spiral,nail,a,a,rarely
spaghetti,porridge,,,about half the time
jump,jockey,a,a,often
yellow,bar,a,a,almost always
garage,key,a,a,about half the time
sand,swell,a,a,almost always
water,gun,a,a,almost always
sewer,line,a,a,rarely
boy,swing,a,a,about half the time
butter,cup,a,a,rarely
green,tooth,a,a,sometimes
sugar,oatmeal,,,often
yellow,boat,a,a,about half the time
red,suit,a,a,never
ocean,ship,a,an,often
sugar,man,a,a,sometimes
purple,duck,a,a,sometimes
milk,pitcher,a,a,almost always
onion,skin,,,always
cake,stall,a,a,often
fat,kiss,a,a,often
worm,bin,a,a,about half the time
wet,clothes,,,never
trash,game,a,a,rarely
green,daddy,a,a,rarely
purple,marker,a,a,never
police,station,a,a,about half the time
pig,roll,a,a,rarely
metal,clip,a,a,always
baby,step,a,a,almost always
music,room,a,a,rarely
night,air,,,almost always
red,petal,a,a,often
nanny,training,a,a,never
pink,cloud,a,a,never
plastic,spoon,a,a,sometimes
fat,lump,a,a,often
baby,picture,a,a,about half the time
daddy,company,a,a,about half the time
yellow,cow,a,a,never
red,grey,,,almost always
bottom,bar,a,a,almost always
tree,bark,a,a,almost always
yellow,bag,a,a,rarely
flat,pumpkin,a,a,never
college,building,a,a,almost always
locomotive,car,a,a,almost always
gold,dragon,a,a,often
chocolate,milk,,,rarely
bald,baby,a,a,almost always
rugby,player,a,a,rarely
card,game,a,a,never
laser,beam,a,a,rarely
lead,boot,a,a,sometimes
battle,field,a,a,often
yellow,button,a,a,never
water,test,a,a,almost always
broken,neck,a,a,rarely
tea,towel,a,a,never
pirate,guy,a,a,rarely
bright,sun,,,always
pet,shop,a,a,rarely
green,bead,a,a,rarely
kid,movie,a,a,never
dead,flower,a,a,rarely
yellow,bed,a,a,almost always
pest,attack,an,a,rarely
sirloin,steak,a,a,always
burnt,toasted,,,almost always
icy,road,a,an,often
comforter,cover,a,a,never
curtain,rail,a,a,sometimes
water,feed,,,often
square,paper,a,a,never
foot,hole,a,a,never
computer,man,a,a,sometimes
thyroid,infection,an,a,never
green,helmet,a,a,always
purple,head,a,a,sometimes
purple,wheel,a,a,rarely
hammer,head,a,a,never
green,stem,a,a,about half the time
green,star,a,a,rarely
soapy,bubble,a,a,often
top,card,a,a,always
orange,skin,,,rarely
cargo,ship,a,a,rarely
pink,piece,a,a,rarely
baby,jaguar,a,a,never
food,picture,a,a,never
garden,door,a,a,never
brown,bottom,a,a,almost always
pony,home,a,a,sometimes
dragon,picture,a,a,almost always
red,mouth,a,a,often
chicken,prawn,a,a,rarely
baby,duck,a,a,almost always
plastic,duck,a,a,rarely
blueberry,bar,a,a,rarely
juicy,bite,a,a,always
fat,cookie,a,a,about half the time
wet,sand,,,about half the time
bath,drain,a,a,almost always
yellow,card,a,a,never
green,creature,a,a,never
draw,pile,a,a,about half the time
pipe,band,a,a,almost always
outside,toilet,a,an,never
yellow,block,a,a,almost always
green,boxcar,a,a,rarely
blob,cookie,a,a,rarely
back,chair,a,a,often
back,wall,a,a,rarely
pizza,crust,a,a,about half the time
giant,circle,a,a,rarely
chocolate,fry,a,a,about half the time
boy,tiger,a,a,never
piano,bench,a,a,never
giant,baby,a,a,rarely
hot,coal,a,a,rarely
tub,toy,a,a,never
pink,box,a,a,rarely
kid,slide,a,a,almost always
outside,kitty,a,an,sometimes
water,tap,a,a,often
asteroid,belt,a,an,sometimes
baby,swing,a,a,rarely
glass,jar,a,a,almost always
yellow,hat,a,a,never
green,button,a,a,often
dark,night,a,a,about half the time
yellow,house,a,a,rarely
puzzle,box,a,a,sometimes
naked,bear,a,a,almost always
egg,salad,a,an,almost always
red,fan,a,a,rarely
green,dragon,a,a,rarely
slim,girl,a,a,sometimes
outdoor,art,,,almost always
green,boat,a,a,almost always
orange,scissors,,,never
wooden,chair,a,a,often
blonde,one,a,a,never
head,piece,a,a,sometimes
cherry,pie,a,a,often
cathedral,window,a,a,often
blond,hair,,,sometimes
lunch,bag,a,a,rarely
elephant,grey,,,almost always
purple,pot,a,a,never
brown,page,a,a,never
hot,sauce,,,often
stick,person,a,a,almost always
mince,pie,a,a,about half the time
yellow,color,a,a,sometimes
colored,water,,,never
film,wrap,a,a,never
corn,movie,a,a,almost always
grey,dog,a,a,sometimes
truck,book,a,a,almost always
girl,teacher,a,a,almost always
broken,toy,a,a,never
orange,cracker,a,an,always
brown,lid,a,a,never
orange,mango,a,an,always
water,park,a,a,never
yellow,pot,a,a,almost always
shadow,puppet,a,a,never
brick,fire,,,about half the time
willow,tree,a,a,sometimes
trash,man,a,a,about half the time
apple,skin,,,almost always
top,window,a,a,never
farm,puzzle,a,a,rarely
karate,suit,a,a,rarely
green,broccoli,,,about half the time
orange,slice,a,an,almost always
pink,piggy,a,a,almost always
dinosaur,bone,a,a,almost always
milk,cow,a,a,never
clock,book,a,a,rarely
pink,marker,a,a,almost always
oatmeal,bath,a,an,often
racing,car,a,a,almost always
red,tower,a,a,never
yellow,truck,a,a,rarely
red,tail,a,a,rarely
blowing,nose,a,a,almost always
princess,tea,,,never
upstairs,brush,a,an,rarely
north,wind,,,sometimes
bottom,floor,a,a,rarely
slide,watch,a,a,sometimes
train,money,,,always
soap,juice,,,rarely
red,boy,a,a,always
karate,ballerina,a,a,rarely
steering,wheel,a,a,rarely
pineapple,juice,,,often
honey,marmalade,,,almost always
hot,sun,,,often
color,stripe,a,a,rarely
orange,marmalade,,,rarely
upstairs,flat,a,an,often
snow,pants,,,often
engine,driver,a,an,almost always
eye,witness,a,an,almost always
thick,point,a,a,almost always
green,booger,a,a,sometimes
picnic,bench,a,a,rarely
yellow,carrot,a,a,sometimes
orange,flower,a,an,always
diamond,ring,a,a,about half the time
chocolate,bar,a,a,always
vegetable,soup,,,always
sunflower,seed,a,a,often
snack,bar,a,a,never
dogs,face,a,a,rarely
yellow,broom,a,a,rarely
glass,light,a,a,about half the time
freezing,water,,,rarely
brown,dog,a,a,almost always
orange,squid,a,an,sometimes
country,road,a,a,almost always
pocket,money,,,always
wet,wash,a,a,rarely
purple,camera,a,a,rarely
red,ribbon,a,a,often
colored,glue,,,often
hot,tea,,,almost always
pink,frosting,,,almost always
night,school,a,a,never
giant,meteorite,a,a,rarely
pink,pony,a,a,always
upstairs,bed,a,an,never
dinosaur,picture,a,a,almost always
sun,rise,a,a,almost always
wet,towel,a,a,almost always
dirty,table,a,a,rarely
kid,bike,a,a,sometimes
river,fishing,,,rarely
downstairs,loo,a,a,almost always
dirty,pavement,,,almost always
apple,tree,a,an,sometimes
icy,ring,a,an,about half the time
hot,rod,a,a,never
brown,wig,a,a,sometimes
red,sauce,,,almost always
broken,bone,a,a,about half the time
pink,bank,a,a,rarely
flat,knife,a,a,never
green,rectangle,a,a,rarely
fat,child,a,a,sometimes
round,hand,a,a,rarely
couple,stair,a,a,about half the time
bottom,cover,a,a,about half the time
glitter,glue,,,sometimes
bubble,wrap,a,a,rarely
flower,plate,a,a,never
scrap,yard,a,a,never
hair,cut,a,a,almost always
football,teacher,a,a,never
duffel,coat,a,a,sometimes
dirty,box,a,a,rarely
dirty,movie,a,a,never
daddy,chin,a,a,about half the time
candy,gum,a,a,often
bus,driver,a,a,almost always
green,land,,,often
dirty,vent,a,a,sometimes
pub,window,a,a,almost always
green,car,a,a,almost always
cut,piece,a,a,always
yellow,queen,a,a,never
hot,wing,a,a,often
wooden,animal,an,a,never
mommy,bird,a,a,about half the time
brown,suit,a,a,about half the time
baby,chicken,a,a,almost always
body,wash,a,a,almost always
orange,sword,a,an,almost always
yellow,shoe,a,a,rarely
orange,tree,a,an,almost always
back,page,a,a,almost always
taxi,man,a,a,never
yellow,row,a,a,never
bacon,casserole,a,a,rarely
green,knight,a,a,rarely
ginger,ale,an,a,rarely
yellow,wedge,a,a,sometimes
toy,box,a,a,sometimes
song,sheet,a,a,never
pelican,crossing,a,a,about half the time
hot,juice,,,rarely
doll,dress,a,a,rarely
yellow,pig,a,a,never
hot,cross,a,a,almost always
flower,pan,a,a,about half the time
dog,joint,a,a,never
poop,factory,a,a,never
flower,room,a,a,never
bear,shoe,a,a,almost always
diamond,rock,a,a,never
blond,captain,a,a,sometimes
header,tank,a,a,rarely
color,knight,a,a,often
dad,hand,a,a,almost always
ice,truck,a,an,rarely
water,bottle,a,a,about half the time
yellow,fire,,,rarely
step,mother,a,a,always
bright,feather,a,a,sometimes
machine,gun,a,a,often
hairy,finger,a,a,almost always
yellow,bead,a,a,sometimes
brown,floor,a,a,sometimes
dump,truck,a,a,almost always
print,shop,a,a,rarely
yellow,sheep,a,a,rarely
hot,pink,,,sometimes
daddy,headache,a,a,never
dog,hair,,,almost always
girl,shoe,a,a,rarely
toilet,paper,a,a,almost always
sand,toy,a,a,sometimes
blind,person,a,a,rarely
lighter,colors,a,a,sometimes
orange,paint,,,sometimes
pussy,cat,a,a,about half the time
flat,bed,a,a,often
orange,hat,a,an,often
night,kiss,a,a,often
yellow,van,a,a,rarely
color,petal,a,a,often
bear,puzzle,a,a,almost always
carrier,bag,a,a,almost always
wolf,hound,a,a,almost always
wet,floor,a,a,always
pooper,scooper,a,a,almost always
lollipop,stick,a,a,never
sweat,top,a,a,about half the time
back,cellar,a,a,almost always
macaroni,cheese,,,sometimes
violin,group,a,a,sometimes
nail,cut,a,a,sometimes
farm,machine,a,a,often
baby,tiger,a,a,never
curly,hair,,,often
candy,house,a,a,rarely
wood,hardware,,,never
hermit,crab,a,a,often
ankle,sock,a,an,about half the time
strawberry,flower,a,a,about half the time
broken,car,a,a,often
coffee,cup,a,a,about half the time
cut,hair,,,sometimes
hot,towel,a,a,rarely
mommy,horse,a,a,sometimes
fish,finger,a,a,rarely
chipmunk,song,a,a,almost always
frog,leg,a,a,almost always
giant,bucket,a,a,almost always
hot,boil,a,a,rarely
pink,snow,,,never
red,pin,a,a,almost always
rain,bow,a,a,never
red,colors,a,a,sometimes
dish,soap,,,rarely
mommy,duck,a,a,often
hair,ball,a,a,never
thick,marker,a,a,almost always
dirty,pajamas,,,sometimes
bow,tie,a,a,always
solar,house,a,a,often
purple,monkey,a,a,rarely
hot,grill,a,a,almost always
climbing,stair,a,a,often
purple,cartridge,a,a,never
saw,puzzle,a,a,almost always
shortbread,cookie,a,a,about half the time
car,parking,,,often
farm,instrument,an,a,never
dirty,room,a,a,rarely
troll,person,a,a,about half the time
drawing,office,an,a,almost always
shaving,mirror,a,a,about half the time
thick,rope,a,a,never
orange,bird,a,an,rarely
lighter,snack,a,a,sometimes
red,hamster,a,a,rarely
split,cup,a,a,rarely
orange,color,a,an,always
purple,stick,a,a,never
gold,helmet,a,a,about half the time
mother,bear,a,a,about half the time
puzzle,board,a,a,sometimes
sand,castle,a,a,rarely
mail,truck,a,a,rarely
red,bowl,a,a,always
strawberry,lemonade,,,rarely
gold,shoe,a,a,rarely
fat,brush,a,a,about half the time
top,cap,a,a,almost always
red,doggie,a,a,almost always
tea,cake,a,a,about half the time
wet,diaper,a,a,almost always
mechanic,shop,a,a,never
army,officer,an,an,always
bear,book,a,a,never
cream,tub,a,a,almost always
secretary,treasurer,a,a,rarely
ferry,crossing,a,a,sometimes
purple,octopus,an,a,almost always
oatmeal,bite,a,an,never
glass,building,a,a,often
dirty,finger,a,a,often
toddler,bed,a,a,about half the time
circus,man,a,a,sometimes
cut,glass,a,a,always
dark,color,a,a,almost always
hot,bottle,a,a,never
barge,person,a,a,sometimes
yellow,tooth,a,a,often
pitch,fork,a,a,rarely
driving,instructor,an,a,rarely
astronaut,hat,a,an,never
bear,cry,a,a,rarely
bay,window,a,a,rarely
berry,patch,a,a,almost always
piano,player,a,a,never
bedside,table,a,a,about half the time
dead,person,a,a,never
bird,cave,a,a,rarely
gold,coin,a,a,never
engine,oil,,,about half the time
green,pot,a,a,almost always
ocean,animal,an,an,about half the time
cheese,ball,a,a,sometimes
red,bicycle,a,a,sometimes
turkey,breast,a,a,almost always
hairy,spider,a,a,almost always
apple,juice,,,almost always
paper,sticker,a,a,almost always
air,balloon,a,an,almost always
mud,pie,a,a,rarely
orange,circle,a,an,about half the time
star,fish,a,a,rarely
fish,lip,a,a,rarely
orange,broom,a,an,often
paint,plaster,a,a,rarely
dance,contest,a,a,often
hot,chocolate,,,rarely
green,elephant,an,a,rarely
flower,day,a,a,rarely
orange,pentagon,a,an,never
student,band,a,a,sometimes
pink,milk,,,rarely
milk,shake,a,a,often
yellow,plastic,,,about half the time
daddy,car,a,a,sometimes
wet,tarmac,a,a,always
pink,blanket,a,a,almost always
shovel,fork,a,a,rarely
fat,piggy,a,a,almost always
sugar,cone,a,a,never
glass,washer,a,a,almost always
silver,penny,a,a,rarely
sugar,syrup,,,about half the time
cookie,blob,a,a,always
donut,chair,a,a,never
watch,strap,a,a,often
top,cream,,,sometimes
brown,teddy,a,a,almost always
red,purple,,,about half the time
blooming,month,a,a,about half the time
bloody,coconut,a,a,always
game,tile,a,a,rarely
circle,drawing,a,a,almost always
fat,belly,a,a,often
puffy,cloud,a,a,sometimes
dirty,outside,an,a,almost always
book,tray,a,a,always
red,blood,,,always
cream,taste,a,a,almost always
grey,tights,,,rarely
sword,fight,a,a,rarely
female,alligator,an,a,often
dark,turquoise,,,sometimes
check,mark,a,a,often
throw,toy,a,a,never
back,line,a,a,about half the time
silky,mask,a,a,almost always
potato,chip,a,a,almost always
stand,firm,a,a,about half the time
cut,trunk,a,a,about half the time
red,mark,a,a,always
powder,paint,,,often
broken,crayon,a,a,almost always
mail,uniform,a,a,always
police,man,a,a,sometimes
yellow,taxi,a,a,almost always
river,path,a,a,often
flat,tire,a,a,sometimes
brown,horse,a,a,often
purple,dot,a,a,almost always
cranberry,juice,,,often
fire,fighter,a,a,never
ocean,wave,a,an,often
red,paint,,,rarely
red,dot,a,a,about half the time
orange,leaflet,a,an,rarely
red,cab,a,a,rarely
triangle,roof,a,a,often
plastic,cup,a,a,rarely
ant,trail,a,an,rarely
seat,belt,a,a,never
bread,box,a,a,rarely
yellow,car,a,a,rarely
mud,color,a,a,rarely
orange,shovel,a,an,almost always
red,picture,a,a,often
orange,macaroni,,,often
orange,screw,a,an,rarely
head,shot,a,a,sometimes
snowy,day,a,a,sometimes
road,track,a,a,almost always
green,wall,a,a,rarely
hot,steam,,,always
hot,mess,a,a,sometimes
drummer,boy,a,a,almost always
market,stall,a,a,almost always
turtle,magazine,a,a,rarely
orange,packet,a,an,rarely
home,movie,a,a,often
red,cape,a,a,always
weeping,willow,a,a,about half the time
red,bone,a,a,rarely
oil,barrel,a,an,always
shirt,top,a,a,almost always
purple,frog,a,a,about half the time
children,book,a,a,sometimes
purple,bubble,a,a,never
sweet,potato,a,a,sometimes
village,hall,a,a,sometimes
lacrosse,stick,a,a,almost always
snake,tongue,a,a,almost always
bread,knife,a,a,about half the time
bake,cookie,a,a,often
hare,lip,a,a,about half the time
pink,pants,,,never
red,lip,a,a,often
batman,shoe,a,a,about half the time
dark,room,a,a,sometimes
dark,paint,,,sometimes
dinosaur,egg,an,a,rarely
wooden,horse,a,a,never
oval,circle,a,an,about half the time
kid,game,a,a,almost always
purple,basket,a,a,never
purple,bead,a,a,about half the time
orange,tiger,a,an,often
hot,corn,a,a,sometimes
ballet,dress,a,a,never
fish,puppet,a,a,almost always
purple,patch,a,a,rarely
green,bear,a,a,rarely
bread,dough,,,about half the time
grey,hair,,,never
document,file,a,a,never
bedroom,flat,a,a,never
yellow,kite,a,a,almost always
pitcher,glove,a,a,sometimes
ink,pad,a,an,never
mouse,ear,an,a,never
pink,cup,a,a,rarely
red,belly,a,a,almost always
orange,crayon,a,an,sometimes
ankle,boot,a,an,rarely
dog,bun,a,a,never
bus,puzzle,a,a,rarely
green,leg,a,a,sometimes
dirty,food,,,sometimes
hamburger,bun,a,a,sometimes
soccer,ball,a,a,often
jean,jacket,a,a,never
green,chair,a,a,almost always
yellow,stick,a,a,almost always
leaf,pile,a,a,about half the time
red,luggage,,,rarely
orange,sequin,a,an,sometimes
dirty,garbage,,,sometimes
wash,cloth,a,a,almost always
green,bubble,a,a,rarely
upstairs,toy,a,an,never
balloon,popping,a,a,almost always
yellow,mountain,a,a,rarely
water,line,a,a,almost always
top,piece,a,a,almost always
straw,cup,a,a,never
red,lead,a,a,rarely
snack,boy,a,a,often
circle,puzzle,a,a,rarely
banana,chip,a,a,rarely
apple,cider,,,about half the time
snowman,melt,a,a,almost always
skate,board,a,a,almost always
grocery,warehouse,a,a,about half the time
wheel,chair,a,a,rarely
baby,bag,a,a,sometimes
wood,box,a,a,about half the time
car,ferry,a,a,almost always
red,tights,,,almost always
smiley,face,a,a,always
crystal,piece,a,a,often
cherry,vanilla,,,rarely
bath,room,a,a,almost always
yellow,match,a,a,about half the time
student,nurse,a,a,sometimes
baby,cat,a,a,sometimes
orange,ball,a,an,almost always
firehouse,lunch,a,a,rarely
red,tractor,a,a,almost always
bowling,alley,an,a,almost always
snow,ball,a,a,rarely
pink,teddy,a,a,often
toy,man,a,a,rarely
purple,mouse,a,a,never
baby,bath,a,a,sometimes
green,house,a,a,never
red,dandelion,a,a,sometimes
frozen,shoulder,a,a,rarely
hot,milk,,,never
vinegar,bottle,a,a,never
color,book,a,a,never
company,software,,,often
red,border,a,a,never
oak,tree,a,an,often
music,note,a,a,often
mommy,hair,,,never
top,branch,a,a,sometimes
burglar,alarm,an,a,almost always
office,key,a,an,almost always
green,toe,a,a,about half the time
movie,channel,a,a,sometimes
dune,buggy,a,a,never
yellow,green,,,sometimes
red,pig,a,a,never
exterior,light,a,an,almost always
plastics,company,a,a,rarely
yellow,chalk,,,often
baby,clothes,,,about half the time
park,parade,a,a,rarely
bike,ride,a,a,almost always
car,seat,a,a,almost always
hot,doggy,a,a,rarely
pink,sock,a,a,often
green,dress,a,a,almost always
sea,shell,a,a,almost always
copy,cat,a,a,sometimes
yellow,square,a,a,rarely
wall,drawer,a,a,always
maple,sugar,,,rarely
snow,hill,a,a,never
sky,color,a,a,sometimes
day,school,a,a,often
vanilla,wafer,a,a,sometimes
peacock,feather,a,a,almost always
flat,fish,a,a,rarely
garden,sign,a,a,often
cream,cheese,,,often
hair,barrette,a,a,always
orange,zebra,a,an,often
bear,tooth,a,a,never
cheese,sauce,,,about half the time
blood,checker,a,a,always
bright,leaf,a,a,almost always
brown,ale,an,a,about half the time
red,sifter,a,a,almost always
color,leg,a,a,about half the time
purple,light,a,a,rarely
wrap,present,a,a,about half the time
frozen,lip,a,a,always
puppy,bark,a,a,about half the time
letter,side,a,a,almost always
model,girl,a,a,almost always
horse,shoeing,a,a,about half the time
coal,block,a,a,never
green,triangle,a,a,about half the time
red,cap,a,a,rarely
rectangle,door,a,a,often
purple,submarine,a,a,never
orange,bud,a,an,rarely
mommy,parrot,a,a,always
belly,button,a,a,never
round,carpet,a,a,rarely
orange,noodle,a,an,almost always
baby,tooth,a,a,always
plastic,lid,a,a,often
rain,umbrella,an,a,almost always
shore,island,an,a,rarely
brown,guy,a,a,sometimes
cigarette,smoking,,,often
green,pea,a,a,almost always
bear,cookie,a,a,rarely
picnic,blanket,a,a,rarely
tobacco,jar,a,a,often
baby,girl,a,a,always
outside,toy,a,an,almost always
pointy,fish,a,a,sometimes
shoe,rack,a,a,never
bubble,game,a,a,never
head,pirate,a,a,often
web,site,a,a,almost always
gold,medal,a,a,rarely
brake,dust,,,never
mama,deer,a,a,almost always
bicycle,store,a,a,rarely
orange,peach,a,an,often
red,seat,a,a,rarely
hay,stack,a,a,almost always
brown,trunk,a,a,often
brush,handle,a,a,often
family,room,a,a,often
orange,letter,a,an,never
grassy,field,a,a,often
fish,fin,a,a,often
stegosaurus,strike,a,a,about half the time
knight,costume,a,a,sometimes
executive,committee,a,an,rarely
potato,scoop,a,a,never
red,star,a,a,almost always
cannon,ball,a,a,never
flat,house,a,a,almost always
trash,can,a,a,rarely
yellow,blanket,a,a,sometimes
green,shovel,a,a,sometimes
cardboard,house,a,a,rarely
round,wall,a,a,rarely
red,edge,an,a,never
orange,train,a,an,almost always
wooden,leg,a,a,rarely
pink,bottle,a,a,never
tip,toe,a,a,often
purple,crayon,a,a,often
building,marker,a,a,rarely
red,card,a,a,never
mommy,hand,a,a,always
tea,pickle,a,a,never
baby,alligator,an,a,about half the time
jelly,bagel,a,a,always
hot,stove,a,a,sometimes
cable,run,a,a,almost always
purple,reindeer,a,a,almost always
yellow,roller,a,a,rarely
green,yogurt,,,sometimes
grey,label,a,a,sometimes
pink,scarf,a,a,sometimes
hairless,cat,a,a,rarely
hand,washing,,,often
teen,movie,a,a,often
fuel,tank,a,a,sometimes
brown,monkey,a,a,almost always
red,pea,a,a,never
apple,core,a,an,often
walking,stick,a,a,sometimes
fuzzy,blanket,a,a,often
wet,hand,a,a,about half the time
red,bow,a,a,often
slave,driver,a,a,almost always
yellow,leg,a,a,rarely
organ,pipe,a,an,rarely
farmer,man,a,a,sometimes
pink,rectangle,a,a,sometimes
ear,hole,a,an,often
ice,box,a,an,never
yogurt,raisin,a,a,sometimes
pink,lip,a,a,about half the time
grey,cap,a,a,never
orange,button,a,an,never
dark,glasses,,,about half the time
top,model,a,a,often
floor,tiling,,,almost always
fruit,cake,a,a,rarely
squirt,guns,a,a,never
pencil,case,a,a,almost always
purple,shovel,a,a,sometimes
red,rod,a,a,sometimes
yellow,triangle,a,a,rarely
red,leaf,a,a,almost always
red,square,a,a,sometimes
dark,yard,a,a,often
dance,floor,a,a,rarely
furry,puppy,a,a,always
orange,container,a,an,sometimes
daddy,picture,a,a,rarely
pickle,sandwich,a,a,rarely
station,sign,a,a,about half the time
sweet,packet,a,a,almost always
bright,hair,,,almost always
fire,engine,an,a,almost always
whale,shark,a,a,often
bald,eagle,an,a,rarely
square,piece,a,a,often
cream,sandwich,a,a,rarely
locked,door,a,a,almost always
yellow,elephant,an,a,rarely
bubble,clown,a,a,sometimes
toy,board,a,a,often
scout,tent,a,a,often
yellow,piggie,a,a,sometimes
green,fish,a,a,never
giant,one,a,a,about half the time
market,day,a,a,about half the time
school,call,a,a,sometimes
acid,soil,,,often
sweet,person,a,a,about half the time
quarter,motor,a,a,never
granola,bar,a,a,always
bunny,hole,a,a,never
wine,purse,a,a,never
freeze,tag,a,a,sometimes
yellow,colors,a,a,often
boy,drink,a,a,sometimes
finger,food,,,sometimes
purple,ark,an,a,rarely
boat,singing,,,never
bloody,day,a,a,rarely
pottery,room,a,a,never
chicken,mushroom,a,a,almost always
giant,potato,a,a,sometimes
color,orange,an,a,almost always
round,glasses,,,often
wildlife,park,a,a,about half the time
child,seat,a,a,rarely
sweet,home,a,a,often
hair,day,a,a,rarely
dozen,egg,an,a,rarely
doggy,bin,a,a,always
dinosaur,blanket,a,a,never
wall,light,a,a,often
school,playground,a,a,about half the time
red,bead,a,a,never
paper,boy,a,a,sometimes
purple,worm,a,a,about half the time
sleep,walking,,,never
dirty,car,a,a,often
blind,mommy,a,a,sometimes
sugar,spoon,a,a,always
key,lock,a,a,never
dirty,pillow,a,a,rarely
kitchen,light,a,a,almost always
night,cream,,,never
round,tablet,a,a,sometimes
tennis,ball,a,a,never
green,scissors,,,never
grilled,cheese,,,almost always
rainbow,parrot,a,a,rarely
pool,table,a,a,rarely
call,box,a,a,never
female,crab,a,a,about half the time
board,book,a,a,often
bridesmaid,dress,a,a,rarely
oatmeal,breakfast,a,an,sometimes
teddy,snack,a,a,rarely
red,cone,a,a,rarely
cheese,sandwich,a,a,always
mama,duck,a,a,often
round,penny,a,a,often
chain,saw,a,a,rarely
holly,leaf,a,a,almost always
ginger,wine,,,never
flat,floor,a,a,sometimes
woman,sitting,a,a,always
kettle,boiling,,,often
grassy,piece,a,a,often
flower,border,a,a,almost always
yellow,star,a,a,about half the time
oil,taste,a,an,about half the time
orange,taste,a,an,often
steam,roller,a,a,never
jazz,band,a,a,often
fish,net,a,a,often
baby,dinosaur,a,a,rarely
furry,duck,a,a,never
dance,room,a,a,often
green,diamond,a,a,rarely
alligator,green,,,about half the time
soy,milk,,,rarely
fuzzy,poodle,a,a,almost always
girl,toy,a,a,never
orange,tower,a,an,rarely
red,face,a,a,rarely
shot,guns,a,a,rarely
music,box,a,a,rarely
fat,leg,a,a,rarely
yellow,pail,a,a,often
baking,bread,,,never
cocktail,bar,a,a,sometimes
pirate,beard,a,a,rarely
red,hair,,,rarely
drum,body,a,a,rarely
hand,dress,a,a,never
breakfast,bar,a,a,almost always
dough,rise,a,a,often
seedless,grape,a,a,almost always
television,licence,a,a,always
toy,soldier,a,a,about half the time
woman,show,a,a,about half the time
dark,brown,,,almost always
frog,umbrella,an,a,never
wing,color,a,a,sometimes
flip,flop,a,a,sometimes
green,honey,,,never
strawberry,milk,,,rarely
dark,food,,,rarely
wet,baby,a,a,almost always
bunny,show,a,a,rarely
giant,seal,a,a,rarely
snack,honey,,,sometimes
ferry,boat,a,a,rarely
pink,juice,,,often
school,day,a,a,about half the time
navy,sweater,a,a,always
milk,bottle,a,a,almost always
pirate,station,a,a,almost always
yellow,shovel,a,a,rarely
flower,seed,a,a,never
picnic,basket,a,a,rarely
fish,song,a,a,rarely
orange,finger,a,an,about half the time
paint,stamping,,,about half the time
bright,child,a,a,always
round,knob,a,a,sometimes
attic,bedroom,a,an,sometimes
orange,collection,a,an,rarely
driving,horse,a,a,always
thick,one,a,a,often
fish,cake,a,a,rarely
plastic,edging,,,rarely
outside,building,a,an,often
pie,baking,,,often
giant,dog,a,a,often
singing,song,a,a,sometimes
cat,food,,,often
office,clerk,a,an,almost always
guitar,player,a,a,sometimes
dark,purple,,,never
fire,pole,a,a,often
sweat,shirt,a,a,never
iron,board,a,an,never
wooden,stair,a,a,often
pink,lipstick,,,always
green,container,a,a,never
bubble,gun,a,a,often
yellow,airplane,an,a,sometimes
yellow,lion,a,a,rarely
back,leg,a,a,almost always
leg,bone,a,a,almost always
salad,sandwich,a,a,rarely
red,gate,a,a,about half the time
orange,eye,an,an,almost always
girl,potty,a,a,often
dinosaur,arm,an,a,sometimes
orange,boat,a,an,never
yellow,marker,a,a,rarely
whey,curd,a,a,always
fat,piggie,a,a,almost always
red,box,a,a,rarely
office,girl,a,an,sometimes
gold,sky,a,a,sometimes
electronics,firm,a,an,often
chair,seat,a,a,often
dirty,guy,a,a,often
metallic,bronze,,,almost always
yellow,arrow,an,a,never
owl,book,a,an,rarely
juice,box,a,a,sometimes
sweet,granny,a,a,almost always
dirty,spoon,a,a,sometimes
snow,falling,,,often
dark,woods,,,about half the time
pink,door,a,a,rarely
mermaid,leg,a,a,rarely
fat,guy,a,a,about half the time
wooden,shoe,a,a,never
pink,lemonade,,,almost always
show,office,an,a,never
dolly,guy,a,a,never
green,jelly,,,rarely
shoe,museum,a,a,always
assistant,manager,a,an,about half the time
green,vacuum,a,a,rarely
yellow,track,a,a,rarely
skunk,salad,a,a,sometimes
circle,piece,a,a,sometimes
top,side,a,a,about half the time
water,pill,a,a,almost always
traffic,light,a,a,about half the time
puppy,guy,a,a,about half the time
pink,sandal,a,a,about half the time
kitty,litter,,,almost always
frown,face,a,a,sometimes
grey,beard,a,a,about half the time
gold,cap,a,a,almost always
dead,brain,a,a,about half the time
stand,point,a,a,about half the time
bear,pants,,,almost always
lunch,plate,a,a,sometimes
candy,dish,a,a,about half the time
bunny,mama,a,a,often
green,paper,a,a,rarely
mommy,baby,a,a,often
octopus,tentacle,a,an,often
slide,honey,,,almost always
yellow,bin,a,a,rarely
fat,girl,a,a,about half the time
draw,prize,a,a,often
round,hole,a,a,about half the time
fire,side,a,a,about half the time
grilled,sandwich,a,a,often
purple,screw,a,a,rarely
flat,one,a,a,rarely
rain,shower,a,a,rarely
wooden,trough,a,a,sometimes
road,racing,,,about half the time
orange,grey,,,never
daddy,dinosaur,a,a,never
shop,floor,a,a,rarely
potato,salad,a,a,rarely
gold,necklace,a,a,about half the time
family,day,a,a,about half the time
mommy,talk,a,a,often
throw,pillow,a,a,almost always
baby,powder,,,about half the time
spray,bubble,a,a,sometimes
pink,purse,a,a,never
onion,sandwich,a,an,rarely
rum,truffle,a,a,almost always
pink,leg,a,a,sometimes
kid,book,a,a,never
leather,case,a,a,about half the time
orange,hand,a,an,rarely
green,tea,,,rarely
giant,fire,,,almost always
book,sticker,a,a,rarely
lollipop,wand,a,a,never
forty,eight,an,a,almost always
gram,jar,a,a,never
coffee,pot,a,a,often
tile,pattern,a,a,about half the time
green,truck,a,a,often
baby,dish,a,a,never
cloth,heart,a,a,almost always
fruit,punch,a,a,about half the time
dark,ring,a,a,never
green,eel,an,a,almost always
hamburger,meat,,,never
back,hoe,a,a,rarely
hot,tank,a,a,never
yellow,shelf,a,a,rarely
purple,pear,a,a,rarely
sweet,shrimp,,,almost always
mud,pot,a,a,about half the time
bell,sticker,a,a,rarely
brandy,butter,,,always
pink,car,a,a,rarely
spanking,spot,a,a,rarely
yellow,grey,,,rarely
ball,player,a,a,never
checkout,girl,a,a,almost always
cut,bread,,,rarely
plastic,wrap,a,a,sometimes
cooking,chocolate,,,rarely
orange,belt,a,an,rarely
purple,pickle,a,a,rarely
yellow,fat,,,almost always
wheat,cookie,a,a,about half the time
oyster,cracker,a,an,always
elephant,scale,a,an,never
yellow,cap,a,a,rarely
oval,piece,a,an,about half the time
flag,drawer,a,a,never
elephant,toy,a,an,rarely
grocery,list,a,a,almost always
red,diamond,a,a,never
outside,wind,,,almost always
sail,boat,a,a,never
round,wheel,a,a,almost always
bunny,slipper,a,a,never
hot,sandwich,a,a,sometimes
cub,group,a,a,sometimes
gym,shoe,a,a,about half the time
brother,bunny,a,a,always
orange,car,a,an,rarely
banana,sundae,a,a,rarely
ladies,mother,a,a,always
pirate,land,,,rarely
beetle,family,a,a,about half the time
door,casing,a,a,sometimes
mauve,ring,a,a,about half the time
hot,book,a,a,almost always
nut,juice,,,sometimes
octopus,talon,a,an,almost always
cash,book,a,a,always
motor,bridge,a,a,never
oatmeal,raisin,a,an,often
red,digger,a,a,often
page,boy,a,a,about half the time
metal,edge,an,a,often
top,butter,,,almost always
bright,boy,a,a,often
round,sun,,,always
car,tire,a,a,about half the time
gas,man,a,a,almost always
green,spoon,a,a,about half the time
hail,storm,a,a,never
yellow,noodle,a,a,about half the time
taller,tower,a,a,never
uniform,skirt,a,a,almost always
sunset,sky,a,a,about half the time
firework,factory,a,a,rarely
naked,girl,a,a,always
fish,stick,a,a,almost always
red,cow,a,a,never
pink,nose,a,a,almost always
fat,bird,a,a,about half the time
red,corner,a,a,almost always
green,hand,a,a,never
yellow,coat,a,a,rarely
forty,inch,an,a,often
pink,eye,an,a,never
pink,hippo,a,a,sometimes
stain,varnish,,,rarely
hot,blanket,a,a,never
house,spider,a,a,sometimes
swimming,pool,a,a,often
mama,hat,a,a,never
taller,ceiling,a,a,almost always
police,guard,a,a,sometimes
giant,sundial,a,a,often
putty,hand,a,a,sometimes
mud,trail,a,a,sometimes
circus,baby,a,a,rarely
furry,guy,a,a,almost always
oatmeal,bowl,a,an,sometimes
green,heart,a,a,rarely
sugar,fat,,,sometimes
orange,structure,a,an,always
hot,whisky,,,about half the time
outside,theater,a,an,rarely
grey,snow,,,almost always
phone,call,a,a,often
bug,book,a,a,never
charcoal,grill,a,a,almost always
stairs,toy,a,a,often
purple,sandbox,a,a,rarely
frog,hat,a,a,rarely
yellow,radiator,a,a,never
purple,chalk,,,rarely
green,turtle,a,a,about half the time
chocolate,dough,,,never
pink,edge,an,a,rarely
girl,bunny,a,a,almost always
tennis,shoe,a,a,rarely
pork,chop,a,a,sometimes
pillar,box,a,a,almost always
orange,juice,,,about half the time
plastic,wateringcan,a,a,almost always
pink,shirt,a,a,often
muffin,man,a,a,rarely
dragon,piece,a,a,almost always
bar,lounge,a,a,sometimes
baby,carrot,a,a,often
corn,cookie,a,a,rarely
cream,cone,a,a,never
mama,lion,a,a,almost always
plant,house,a,a,never
light,weight,a,a,often
bear,costume,a,a,often
cheese,bag,a,a,never
dirty,floor,a,a,never
yellow,crayon,a,a,sometimes
fish,seafood,,,almost always
picture,window,a,a,rarely
goldfish,jumping,,,never
bowler,hat,a,a,rarely
draw,ticket,a,a,about half the time
hive,bee,a,a,about half the time
smoke,tablet,a,a,never
baby,puppy,a,a,always
picture,card,a,a,never
child,person,a,a,almost always
green,tree,a,a,often
cheese,stick,a,a,about half the time
fork,lift,a,a,rarely
peach,cobbler,a,a,never
toast,cheese,,,rarely
purple,grey,,,sometimes
shoe,shop,a,a,never
orange,tractor,a,an,rarely
flat,box,a,a,rarely
yellow,lemon,a,a,often
toy,house,a,a,never
red,gravy,,,never
grill,pan,a,a,always
toy,block,a,a,almost always
bear,face,a,a,rarely
terrace,house,a,a,sometimes
red,plate,a,a,always
apple,pie,a,an,rarely
hot,food,,,often
wooden,box,a,a,about half the time
daddy,tiger,a,a,never
green,sword,a,a,rarely
fatty,lady,a,a,never
rain,forest,a,a,sometimes
jelly,bean,a,a,almost always
casserole,dish,a,a,often
baby,seat,a,a,almost always
butt,cheek,a,a,almost always
licorice,snack,a,a,rarely
green,box,a,a,never
hot,cream,,,sometimes
wood,chip,a,a,sometimes
cooking,meal,a,a,about half the time
round,puzzle,a,a,almost always
magnet,toy,a,a,never
sketchbook,pad,a,a,never
slippery,bug,a,a,never
phone,card,a,a,rarely
puzzle,game,a,a,almost always
sleeveless,suit,a,a,rarely
dark,orange,an,a,sometimes
camping,school,a,a,never
daddy,bear,a,a,almost always
fish,dinner,a,a,often
room,closet,a,a,almost always
purple,arm,an,a,never
calendar,date,a,a,never
pink,cookie,a,a,almost always
trash,bin,a,a,almost always
honey,bee,a,a,often
yellow,honey,,,often
pinky,toe,a,a,often
bright,colors,a,a,almost always
red,truck,a,a,rarely
rail,road,a,a,rarely
hot,date,a,a,often
light,grate,a,a,rarely
dead,cereal,,,almost always
letter,factory,a,a,rarely
baby,animal,an,a,sometimes
yellow,lemonade,,,always
green,paint,,,about half the time
lawn,mower,a,a,often
tape,head,a,a,about half the time
dill,pickle,a,a,almost always
chocolate,frog,a,a,rarely
mud,pit,a,a,never
green,grey,,,never
rusty,nail,a,a,sometimes
text,book,a,a,sometimes
sunny,road,a,a,sometimes
hand,motor,a,a,often
machine,smock,a,a,about half the time
lego,boy,a,a,often
film,star,a,a,rarely
sugar,mama,a,a,rarely
baby,ice,,,almost always
red,shirt,a,a,often
paint,tray,a,a,never
fat,finger,a,a,never
umbrella,stick,a,an,about half the time
orange,apple,an,an,never
toddler,toy,a,a,almost always
mama,bear,a,a,often
sugar,cookie,a,a,about half the time
pink,limousine,a,a,rarely
yellow,butterfly,a,a,almost always
round,side,a,a,rarely
turtle,brown,,,sometimes
ball,bat,a,a,rarely
pussy,hair,,,almost always
puppy,blanket,a,a,rarely
dead,bug,a,a,often
color,circle,a,a,often
hot,oil,,,often
rope,walker,a,a,sometimes
walking,boot,a,a,always
bird,bath,a,a,never
family,exercise,an,a,sometimes
key,chain,a,a,rarely
dressing,room,a,a,never
round,egg,an,a,about half the time
meat,sandwich,a,a,rarely
kissing,hand,a,a,about half the time
fish,bowl,a,a,rarely
bubble,flavor,a,a,almost always
spider,leg,a,a,about half the time
lego,person,a,a,almost always
railway,line,a,a,often
marble,flooring,,,rarely
veggie,cheese,,,rarely
mail,box,a,a,sometimes
gum,drop,a,a,about half the time
fish,eye,an,a,almost always
bear,hunter,a,a,about half the time
mutant,toy,a,a,sometimes
birth,month,a,a,rarely
purple,balloon,a,a,sometimes
purple,phone,a,a,never
floor,board,a,a,sometimes
brother,chick,a,a,rarely
hot,bag,a,a,rarely
record,player,a,a,never
pink,whale,a,a,sometimes
dirty,milk,,,rarely
frog,girl,a,a,rarely
cream,truck,a,a,never
feather,painting,a,a,never
outside,shoe,a,an,always
red,piece,a,a,often
strawberry,chocolate,,,never
braid,hair,,,almost always
orange,sugar,,,rarely
face,cake,a,a,rarely
net,curtain,a,a,often
lady,toy,a,a,almost always
pink,cap,a,a,almost always
breaking,limb,a,a,about half the time
red,tree,a,a,rarely
daddy,cow,a,a,never
painting,bib,a,a,about half the time
broken,tool,a,a,rarely
circus,police,,,sometimes
silky,thread,a,a,sometimes
pink,dress,a,a,almost always
crusty,top,a,a,rarely
brown,shorts,,,never
baby,goat,a,a,never
fat,milk,,,about half the time
foil,tray,a,a,always
prize,game,a,a,never
vitamin,pill,a,a,rarely
dark,lollipop,a,a,almost always
sea,picture,a,a,never
purple,pepper,a,a,rarely
breakfast,cereal,,,almost always
milk,mustache,a,a,rarely
red,wine,,,often
red,milk,,,rarely
fruit,stall,a,a,almost always
fuzzy,flower,a,a,rarely
hot,cloth,a,a,sometimes
junction,box,a,a,always
yellow,bus,a,a,sometimes
music,hall,a,a,about half the time
cooking,breakfast,a,a,often
fish,game,a,a,often
girl,deer,a,a,often
purple,puppy,a,a,rarely
brake,drum,a,a,sometimes
yogurt,juice,,,rarely
baby,owl,an,a,almost always
bakery,bread,,,often
cheese,slice,a,a,never
table,leg,a,a,never
turtle,orange,an,a,never
conveyor,belt,a,a,rarely
fat,marker,a,a,rarely
snow,fight,a,a,almost always
fishing,hole,a,a,sometimes
burnt,rubber,,,never
hot,honey,,,rarely
snow,night,a,a,never
hot,sausage,a,a,rarely
round,clock,a,a,about half the time
pear,tree,a,a,almost always
green,stool,a,a,rarely
pink,stair,a,a,never
carat,ring,a,a,rarely
fur,coat,a,a,rarely
skate,boarding,,,almost always
fold,laundry,,,often
closet,chair,a,a,rarely
giant,belt,a,a,rarely
library,tray,a,a,sometimes
pink,tool,a,a,rarely
magazine,rack,a,a,almost always
car,station,a,a,almost always
sea,turtle,a,a,never
material,flower,a,a,often
baby,seal,a,a,almost always
pirate,costume,a,a,often
cow,boy,a,a,about half the time
yellow,paint,,,rarely
toy,baby,a,a,never
solid,tape,a,a,often
yellow,balloon,a,a,about half the time
wet,face,a,a,almost always
orange,hamster,a,an,about half the time
green,hair,,,rarely
water,kitty,a,a,rarely
hot,pattern,a,a,sometimes
purple,dude,a,a,rarely
hot,fan,a,a,about half the time
bottom,jaw,a,a,often
gold,bag,a,a,rarely
stud,dog,a,a,often
purple,wiggle,a,a,almost always
bright,tomato,a,a,often
night,raccoon,a,a,often
marmalade,fish,a,a,almost always
wedding,ring,a,a,almost always
twin,room,a,a,about half the time
wiggle,worm,a,a,about half the time
breakfast,egg,an,a,often
fishing,rod,a,a,often
yellow,cup,a,a,almost always
foam,piece,a,a,never
aluminum,rod,a,an,almost always
plastic,tray,a,a,often
gas,mask,a,a,sometimes
yellow,wing,a,a,sometimes
hot,ice,,,never
paint,shirt,a,a,rarely
red,shoe,a,a,rarely
coffee,break,a,a,about half the time
cuckoo,clock,a,a,rarely
girl,cup,a,a,sometimes
toucan,bird,a,a,about half the time
green,pencil,a,a,almost always
family,feast,a,a,about half the time
circus,bus,a,a,rarely
money,machine,a,a,often
elephant,brooch,a,an,almost always
elephant,crying,,,almost always
spiral,grip,a,a,almost always
furry,cat,a,a,often
baby,cup,a,a,never
paper,cut,a,a,often
toy,bag,a,a,rarely
car,carrier,a,a,almost always
tree,top,a,a,sometimes
fat,cat,a,a,almost always
suction,cup,a,a,sometimes
red,licorice,,,almost always
wet,suit,a,a,rarely
hot,car,a,a,about half the time
outside,piece,a,an,often
pink,suit,a,a,almost always
tennis,racket,a,a,almost always
green,cookie,a,a,rarely
flying,dragon,a,a,sometimes
dog,dance,a,a,rarely
bunny,jumping,,,often
ultrasound,picture,a,an,almost always
sliced,potato,a,a,sometimes
giant,tower,a,a,rarely
male,lead,a,a,about half the time
velvet,slipper,a,a,rarely
frog,jump,a,a,always
push,bike,a,a,sometimes
face,guy,a,a,sometimes
ant,block,a,an,rarely
tile,floor,a,a,rarely
bouncing,spot,a,a,never
turtle,hat,a,a,never
plastic,truck,a,a,often
baby,eagle,an,a,almost always
red,ocean,an,a,almost always
ball,man,a,a,about half the time
wet,road,a,a,almost always
furry,coach,a,a,often
red,bracelet,a,a,rarely
red,candy,,,almost always
shower,curtain,a,a,often
jacket,top,a,a,often
cough,drop,a,a,often
fish,egg,an,a,sometimes
picnic,table,a,a,never
elf,talk,a,an,rarely
one,piece,a,a,never
yellow,ribbon,a,a,often
yellow,feather,a,a,about half the time
red,juice,,,always
worm,poop,,,rarely
home,page,a,a,often
strawberry,yogurt,,,about half the time
triangle,toast,,,almost always
sperm,cell,a,a,never
puppy,print,a,a,rarely
bottom,light,a,a,almost always
red,gym,a,a,often
green,carrot,a,a,rarely
yellow,knee,a,a,rarely
purple,footprint,a,a,never
hot,shake,a,a,always
teddy,home,a,a,never
twin,tub,a,a,never
diaper,baby,a,a,almost always
back,plate,a,a,sometimes
hot,piece,a,a,almost always
red,bottom,a,a,sometimes
red,tongue,a,a,about half the time
ball,bunny,a,a,often
red,green,,,almost always
bear,growl,a,a,often
door,speaker,a,a,about half the time
purple,room,a,a,sometimes
prawn,cocktail,a,a,never
boy,bed,a,a,almost always
brown,sweater,a,a,about half the time
chocolate,cookie,a,a,rarely
surface,dwelling,a,a,almost always
purple,jacket,a,a,never
red,snake,a,a,never
mommy,cup,a,a,almost always
octopus,spying,,,almost always
animal,picture,a,an,never
pond,deer,a,a,almost always
children,slip,a,a,often
dark,pink,,,rarely
army,man,a,an,sometimes
bean,bag,a,a,often
dirty,mouse,a,a,rarely
sweatshirt,top,a,a,almost always
tuna,fish,a,a,rarely
night,sign,a,a,about half the time
burger,bar,a,a,rarely
penguin,body,a,a,often
cream,chocolate,,,sometimes
dolphin,show,a,a,almost always
hot,wax,,,about half the time
wet,spot,a,a,sometimes
furry,gorilla,a,a,sometimes
stuffed,puppy,a,a,rarely
scout,badge,a,a,almost always
blowing,kiss,a,a,often
dead,leaf,a,a,almost always
thick,noodle,a,a,never
bubble,blower,a,a,sometimes
purple,bird,a,a,rarely
brown,tree,a,a,often
fire,station,a,a,almost always
mama,rabbit,a,a,almost always
square,box,a,a,almost always
garbage,truck,a,a,rarely
red,oval,an,a,rarely
bank,manager,a,a,almost always
top,lip,a,a,sometimes
red,butterfly,a,a,rarely
farm,book,a,a,rarely
welding,rod,a,a,always
nylon,bag,a,a,never
purple,ear,an,a,never
ballet,slipper,a,a,rarely
ball,mitt,a,a,almost always
boy,mouth,a,a,almost always
sycamore,tree,a,a,rarely
wet,shirt,a,a,never
roll,marble,a,a,about half the time
giant,ball,a,a,almost always
purple,cow,a,a,rarely
poison,rattlesnake,a,a,always
color,green,,,almost always
cupboard,door,a,a,almost always
brown,piece,a,a,often
singing,contest,a,a,almost always
yellow,head,a,a,rarely
furry,teddy,a,a,always
dirty,corner,a,a,always
dish,wash,a,a,almost always
bright,crayon,a,a,almost always
concrete,path,a,a,about half the time
green,block,a,a,sometimes
wet,panty,a,a,often
railroad,track,a,a,often
ninja,turtle,a,a,sometimes
green,bed,a,a,rarely
heart,muscle,a,a,almost always
purple,salad,a,a,rarely
foot,piece,a,a,sometimes
baby,jogger,a,a,rarely
street,car,a,a,never
hall,closet,a,a,sometimes
yellow,chair,a,a,sometimes
furry,costume,a,a,rarely
soap,bottle,a,a,never
grey,shorts,,,never
mommy,bear,a,a,almost always
blind,spot,a,a,almost always
purple,kangaroo,a,a,often
house,beam,a,a,rarely
castle,book,a,a,rarely
rectangle,book,a,a,about half the time
sand,block,a,a,sometimes
cement,truck,a,a,rarely
grey,cat,a,a,sometimes
oven,mitt,a,an,rarely
fruit,shop,a,a,sometimes
muscle,man,a,a,often
giant,gorilla,a,a,never
shadow,line,a,a,almost always
strawberry,patch,a,a,about half the time
movie,theater,a,a,almost always
cat,litter,,,almost always
snow,melt,a,a,sometimes
dark,light,a,a,rarely
elephant,book,a,an,rarely
yellow,cartridge,a,a,about half the time
food,card,a,a,almost always
round,hoop,a,a,almost always
pink,sand,,,almost always
yellow,box,a,a,never
light,beam,a,a,rarely
fish,sticker,a,a,never
baby,alarm,an,a,almost always
foot,radiator,a,a,rarely
foot,pruner,a,a,never
raspberry,patch,a,a,almost always
pine,tree,a,a,rarely
purple,cap,a,a,rarely
block,house,a,a,sometimes
ant,trap,a,an,always
orange,drop,a,an,always
wooden,track,a,a,rarely
petrol,tank,a,a,sometimes
caramel,cluster,a,a,almost always
shrub,border,a,a,rarely
pointy,tip,a,a,often
car,park,a,a,rarely
aphid,sandwich,a,an,never
yellow,neon,,,never
bubble,world,a,a,never
yellow,horse,a,a,rarely
ostrich,leg,a,an,always
coffee,grinder,a,a,almost always
skunk,stew,a,a,never
red,bat,a,a,rarely
video,recorder,a,a,rarely
wet,mommy,a,a,always
pita,bread,,,never
striped,worm,a,a,rarely
bum,worker,a,a,rarely
hot,day,a,a,almost always
silk,worm,a,a,never
fish,market,a,a,almost always
water,bridge,a,a,rarely
purple,fish,a,a,rarely
lace,cover,a,a,rarely
sugar,water,,,rarely
flat,mat,a,a,often
wife,battering,a,a,always
slippery,soap,,,often
paper,airplane,an,a,never
olive,oil,,,often
sweet,sauce,,,about half the time
blind,eye,an,a,rarely
people,zombie,a,a,almost always
bedroom,room,a,a,often
soy,sauce,,,often
sea,mammal,a,a,almost always
silky,ear,an,a,never
church,minister,a,a,never
red,paper,a,a,rarely
dirty,laundry,,,almost always
bubble,blow,a,a,sometimes
wooden,sword,a,a,rarely
flat,land,,,rarely
pink,ring,a,a,almost always
boy,pants,,,almost always
popcorn,maker,a,a,rarely
dress,clothes,,,sometimes
school,bus,a,a,rarely
fat,baby,a,a,almost always
furniture,shop,a,a,never
pull,toy,a,a,almost always
brown,squirrel,a,a,often
farm,truck,a,a,often
curry,rice,,,often
vanilla,cookie,a,a,rarely
red,block,a,a,almost always
round,ball,a,a,always
green,chest,a,a,never
people,group,a,a,almost always
train,yard,a,a,rarely
aquarium,car,a,an,never
mural,show,a,a,almost always
daddy,kiss,a,a,often
squid,soda,,,never
red,wing,a,a,sometimes
food,group,a,a,about half the time
thick,head,a,a,always
sweet,pepper,a,a,almost always
yellow,collar,a,a,almost always
yellow,chick,a,a,almost always
striped,fish,a,a,almost always
wooden,spoon,a,a,rarely
red,boot,a,a,almost always
green,money,,,often
fuzzy,tail,a,a,about half the time
purple,color,a,a,almost always
fold,blanket,a,a,often
yellow,bib,a,a,rarely
upstairs,cafe,a,an,sometimes
game,mommy,a,a,almost always
witch,castle,a,a,never
dead,horse,a,a,sometimes
train,piece,a,a,rarely
stroke,room,a,a,rarely
red,circle,a,a,about half the time
thick,marmalade,,,often
rainbow,crayon,a,a,rarely
princess,puzzle,a,a,never
purple,pentagon,a,a,sometimes
flying,horse,a,a,never
orange,planet,a,an,often
glass,house,a,a,rarely
brown,dot,a,a,almost always
screw,driver,a,a,almost always
wet,snow,,,often
solid,door,a,a,almost always
yellow,dinosaur,a,a,sometimes
giant,piece,a,a,never
purple,scribble,a,a,almost always
lego,girl,a,a,often
grey,cloud,a,a,often
dark,pet,a,a,about half the time
daddy,elephant,an,a,rarely
dirty,pamper,a,a,never
town,clerk,a,a,almost always
freeze,pop,a,a,about half the time
naked,baby,a,a,always
wet,glue,,,almost always
farm,dog,a,a,never
alphabet,toy,a,an,never
toast,stick,a,a,about half the time
lace,curtain,a,a,sometimes
meat,pie,a,a,never
lily,pad,a,a,often
blond,girl,a,a,often
dairy,barn,a,a,always
green,casing,a,a,rarely
dead,man,a,a,never
red,pickle,a,a,never
baby,cot,a,a,about half the time
yoyo,ball,a,a,never
fish,animal,an,a,almost always
elephant,leg,a,an,never
table,tennis,,,rarely
skunk,baby,a,a,sometimes
water,tank,a,a,almost always
ant,powder,,,sometimes
brass,plate,a,a,almost always
yellow,tape,a,a,never
head,stand,a,a,never
purple,heart,a,a,almost always
tv,retailer,a,a,almost always
purple,dress,a,a,almost always
broom,sweep,a,a,often
staff,entertainment,,,almost always
car,stair,a,a,rarely
floor,face,a,a,sometimes
bright,man,a,a,almost always
dress,ring,a,a,almost always
bowl,bud,a,a,about half the time
green,mouth,a,a,rarely
strawberry,cream,,,never
dog,house,a,a,never
laughing,baby,a,a,never
mirror,tile,a,a,never
freezing,plant,a,a,almost always
worm,food,,,always
bubble,maker,a,a,always
bubble,soup,,,never
dog,park,a,a,often
fairy,baby,a,a,never
pink,ball,a,a,almost always
classroom,window,a,a,about half the time
purple,snake,a,a,never
mud,line,a,a,rarely
office,group,a,an,often
glass,cover,a,a,sometimes
pet,food,,,rarely
frog,house,a,a,rarely
mouse,driver,a,a,almost always
wet,filter,a,a,never
flip,top,a,a,rarely
red,sand,,,rarely
hot,room,a,a,never
purple,soda,,,never
toy,ship,a,a,always
daddy,book,a,a,rarely
game,contestant,a,a,often
red,bunny,a,a,never
ear,phone,a,an,almost always
dinosaur,sticker,a,a,rarely
green,train,a,a,almost always
dirty,honey,,,rarely
shoe,horn,a,a,rarely
bunny,cloud,a,a,rarely
red,cherry,a,a,often
candy,bag,a,a,never
green,pop,a,a,never
dog,cheese,,,rarely
yellow,dot,a,a,often
cough,medicine,,,often
hot,potato,a,a,rarely
ball,game,a,a,sometimes
mail,person,a,a,always
green,paddle,a,a,rarely
candy,gumball,a,a,about half the time
boy,bear,a,a,often
hind,foot,a,a,almost always
yellow,fish,a,a,about half the time
wet,rag,a,a,sometimes
pink,pillow,a,a,rarely
red,car,a,a,rarely
orange,hippo,a,an,sometimes
brother,tiger,a,a,sometimes
water,toy,a,a,often
green,eye,an,a,almost always
pink,orange,an,a,about half the time
fly,soup,,,never
puppet,house,a,a,never
night,bear,a,a,sometimes
inch,wire,a,an,almost always
bread,pasta,,,rarely
karate,girl,a,a,almost always
nursery,school,a,a,always
red,jeep,a,a,about half the time
pink,tulip,a,a,sometimes
beach,ball,a,a,sometimes
dark,suit,a,a,often
orange,arm,an,an,rarely
stick,bug,a,a,never
kitchen,water,,,often
ground,rice,,,often
carpet,tile,a,a,never
mommy,room,a,a,rarely
brown,paper,a,a,always
bunny,blanket,a,a,rarely
grey,shoe,a,a,rarely
moon,beam,a,a,rarely
red,match,a,a,about half the time
hot,pan,a,a,about half the time
top,shop,a,a,often
pill,pen,a,a,always
pink,purple,,,about half the time
peg,leg,a,a,rarely
frozen,chicken,a,a,about half the time
outside,hallway,a,an,never
doctor,visit,a,a,often
singing,mommy,a,a,never
pretzel,stick,a,a,never
toy,bin,a,a,often
engine,shed,a,an,rarely
princess,cake,a,a,never
trigger,fish,a,a,rarely
kids,day,a,a,almost always
hot,cup,a,a,often
plastic,table,a,a,never
log,book,a,a,rarely
fish,tank,a,a,often
poison,stem,a,a,never
chief,accountant,an,a,almost always
bear,mitten,a,a,about half the time
forty,pound,a,a,almost always
bean,dish,a,a,often
dirty,cloth,a,a,often
green,bean,a,a,sometimes
baby,bear,a,a,sometimes
wet,foot,a,a,about half the time
diamond,button,a,a,about half the time
letter,box,a,a,almost always
swim,shoe,a,a,never
bird,girl,a,a,almost always
battery,game,a,a,rarely
mermaid,hole,a,a,never
dragon,guy,a,a,never
top,hit,a,a,often
round,circle,a,a,always
brown,cookie,a,a,often
fuzzy,ear,an,a,always
broken,toe,a,a,always
fire,man,a,a,often
orange,monkey,a,an,rarely
noodle,worm,a,a,almost always
silver,line,a,a,about half the time
mommy,chair,a,a,sometimes
red,spot,a,a,sometimes
dolly,dress,a,a,often
hummus,bread,,,never
red,fish,a,a,never
apple,barrel,a,an,rarely
plastic,tunnel,a,a,sometimes
red,lid,a,a,rarely
cardboard,cylinder,a,a,never
green,fire,,,never
green,circle,a,a,never
yellow,lid,a,a,sometimes
chalk,duster,a,a,often
sweet,bread,,,rarely
green,cap,a,a,never
meadow,walk,a,a,about half the time
baby,moon,a,a,almost always
hound,letter,a,a,often
pony,piece,a,a,always
water,man,a,a,often
hot,syrup,,,almost always
frozen,pea,a,a,sometimes
shelve,divider,a,a,never
key,ring,a,a,almost always
baby,buggy,a,a,often
people,rug,a,a,almost always
bottom,picture,a,a,sometimes
bathroom,room,a,a,almost always
pink,sword,a,a,rarely
pink,bottom,a,a,never
top,refrigerator,a,a,often
table,honey,,,almost always
dark,bath,a,a,often
tooth,book,a,a,never
daddy,chair,a,a,almost always
leg,room,a,a,sometimes
oat,meal,a,an,almost always
trash,block,a,a,never
bright,red,,,often
potty,chair,a,a,never
dirty,bubble,a,a,almost always
violin,teacher,a,a,rarely
purple,suit,a,a,never
cutting,board,a,a,often
cathedral,choir,a,a,sometimes
yellow,plane,a,a,rarely
astronaut,costume,a,an,never
door,handle,a,a,almost always
pink,block,a,a,almost always
bottom,dollar,a,a,almost always
pink,tunnel,a,a,never
green,knife,a,a,rarely
telephone,call,a,a,almost always
orange,shirt,a,an,almost always
tartar,taste,a,a,almost always
bible,school,a,a,almost always
baby,mama,a,a,about half the time
green,noodle,a,a,sometimes
machinery,catalogue,a,a,about half the time
chicken,noodle,a,a,almost always
top,shelf,a,a,almost always
plastic,wallet,a,a,rarely
square,yard,a,a,rarely
metal,piece,a,a,sometimes
mommy,tiger,a,a,sometimes
yellow,picture,a,a,rarely
computer,person,a,a,often
guy,knight,a,a,almost always
brake,fluid,,,rarely
purple,ketchup,,,never
wall,tile,a,a,often
sister,fight,a,a,almost always
coffee,bean,a,a,rarely
dinosaur,head,a,a,never
solid,block,a,a,almost always
purple,pad,a,a,rarely
hot,balloon,a,a,sometimes
toy,puppy,a,a,rarely
orange,bag,a,an,sometimes
green,scissor,a,a,sometimes
red,cheek,a,a,always
round,tower,a,a,almost always
plastic,glasses,,,never
banana,apple,an,a,rarely
suite,shower,a,a,sometimes
granddad,kiss,a,a,never
broken,bat,a,a,rarely
brick,house,a,a,often
plastic,container,a,a,almost always
peanut,butter,,,rarely
yellow,curtain,a,a,rarely
car,track,a,a,always
animal,book,a,an,sometimes
sailor,collar,a,a,often
post,office,an,a,about half the time
red,knob,a,a,often
orange,soda,,,often
ant,food,,,about half the time
purple,sweater,a,a,sometimes
orange,block,a,an,rarely
purple,leg,a,a,rarely
questionnaire,letter,a,a,never
baby,turtle,a,a,almost always
tee,shirt,a,a,always
water,running,,,never
wheelie,bin,a,a,often
furniture,curtain,a,a,rarely
water,honey,,,often
room,sweet,a,a,always
picture,rail,a,a,almost always
toy,closet,a,a,rarely
honey,butter,,,often
red,toy,a,a,often
standing,wall,a,a,always
bread,roll,a,a,about half the time
brown,hair,,,almost always
red,sky,a,a,sometimes
oil,pot,a,an,almost always
wet,water,,,often
red,tricycle,a,a,often
door,step,a,a,about half the time
purple,bracelet,a,a,often
video,player,a,a,about half the time
baby,bee,a,a,almost always
boy,bike,a,a,rarely
kitchen,window,a,a,never
yellow,orange,an,a,rarely
brown,blanket,a,a,never
red,van,a,a,rarely
hot,roll,a,a,often
bacon,toast,,,rarely
spinach,dip,a,a,almost always
garden,soil,,,always
cough,syrup,,,rarely
elephant,garland,a,an,often
press,office,an,a,never
passenger,car,a,a,often
elephant,weight,a,an,rarely
purple,cranium,a,a,rarely
light,orange,an,a,always
princess,snack,a,a,often
secretary,table,a,a,rarely
ocean,train,a,an,never
asteroid,hit,a,an,often
fat,pig,a,a,often
bible,road,a,a,never
yellow,mommy,a,a,rarely
hot,rice,,,often
dinosaur,artifact,an,a,rarely
mommy,cat,a,a,about half the time
bouncing,ball,a,a,always
game,marble,a,a,sometimes
bear,workshop,a,a,never
upstairs,stair,a,an,never
pee,pod,a,a,often
green,red,,,almost always
country,house,a,a,almost always
plum,soup,,,never
purple,bath,a,a,sometimes
wet,rug,a,a,almost always
hall,lighting,,,often
foot,print,a,a,often
pink,crayon,a,a,rarely
crab,line,a,a,rarely
dog,walk,a,a,almost always
bright,spot,a,a,about half the time
chocolate,lollipop,a,a,almost always
street,shop,a,a,often
dirty,face,a,a,never
furry,platypus,a,a,almost always
mud,water,,,almost always
picture,wall,a,a,always
light,flashing,,,never
outhouse,door,a,an,rarely
microscope,spotlight,a,a,never
paper,shop,a,a,sometimes
red,flap,a,a,sometimes
video,tape,a,a,always
car,door,a,a,almost always
ant,aphid,an,an,almost always
art,museum,a,an,almost always
thick,gland,a,a,rarely
stag,group,a,a,almost always
milk,jug,a,a,about half the time
baby,bird,a,a,rarely
singing,drawer,a,a,rarely
bathing,suit,a,a,never
brass,dart,a,a,rarely
dressing,table,a,a,sometimes
red,bed,a,a,almost always
purple,window,a,a,almost always
spot,check,a,a,about half the time
bear,teddy,a,a,often
banana,tree,a,a,rarely
dogs,barking,,,about half the time
top,drawer,a,a,sometimes
horse,running,,,often
eleven,pound,a,an,almost always
fire,officer,an,a,almost always
weight,bag,a,a,never
whisky,ginger,,,always
red,string,a,a,rarely
icy,mountain,a,an,almost always
orange,rain,,,never
oatmeal,cookie,a,an,sometimes
food,company,a,a,almost always
wooden,floor,a,a,never
strawberry,bar,a,a,rarely
bear,jump,a,a,rarely
banana,mess,a,a,never
farm,house,a,a,about half the time
red,tomato,a,a,about half the time
shop,envelope,an,a,never
bottom,drawer,a,a,often
yellow,school,a,a,almost always
computer,game,a,a,never
doggy,tail,a,a,almost always
melon,ball,a,a,sometimes
tea,room,a,a,rarely
naked,mole,a,a,almost always
bunny,book,a,a,never
bug,spray,a,a,often
brown,train,a,a,rarely
flower,pot,a,a,never
scaly,skin,,,often
hot,dog,a,a,never
red,bike,a,a,often
flat,cheese,,,never
stuffed,animal,an,a,never
diaper,wipe,a,a,rarely
night,plane,a,a,rarely
yellow,bird,a,a,sometimes
pop,opera,an,a,sometimes
tree,house,a,a,rarely
dark,leaf,a,a,often
yellow,mom,a,a,rarely
red,street,a,a,almost always
pink,hair,,,rarely
man,mum,a,a,never
fish,jelly,,,never
bus,park,a,a,almost always
baby,talk,a,a,almost always
orange,guy,a,an,never
thick,mustache,a,a,sometimes
compost,pile,a,a,almost always
press,jacket,a,a,rarely
spider,head,a,a,almost always
green,tie,a,a,never
ear,lobe,a,an,almost always
back,room,a,a,rarely
outside,bird,a,an,almost always
kid,driving,,,never
gold,coffee,,,rarely
honey,pot,a,a,rarely
purple,book,a,a,rarely
wedding,day,a,a,rarely
moon,rover,a,a,often
dark,snake,a,a,sometimes
penny,packet,a,a,sometimes
car,driver,a,a,about half the time
plastic,back,a,a,about half the time
orange,colors,a,an,often
apple,juicer,a,an,always
green,mountain,a,a,almost always
yellow,hippo,a,a,never
hot,mama,a,a,never
red,onion,an,a,rarely
cherry,tomato,a,a,sometimes
doll,house,a,a,rarely
giant,puppet,a,a,almost always
motor,car,a,a,never
dark,lounge,a,a,never
brown,sugar,,,almost always
telephone,ringing,,,often
red,pillow,a,a,never
silver,ship,a,a,never
hot,sundae,a,a,rarely
pink,elephant,an,a,rarely
brown,doggie,a,a,often
yogurt,hair,,,never
kids,honey,,,about half the time
guy,walking,,,sometimes
taller,spoon,a,a,often
pirate,necklace,a,a,rarely
cloudy,day,a,a,about half the time
pink,towel,a,a,rarely
baby,snail,a,a,often
purple,ring,a,a,often
tv,company,a,a,sometimes
sunny,side,a,a,almost always
purple,car,a,a,rarely
green,monkey,a,a,sometimes
broken,door,a,a,rarely
pink,bear,a,a,rarely
home,sign,a,a,often
plastic,mat,a,a,rarely
home,committee,a,a,sometimes
dinosaur,book,a,a,always
male,goldfish,a,a,never
saw,blade,a,a,about half the time
baby,deer,a,a,rarely
vampire,zombie,a,a,almost always
monkey,whisper,a,a,sometimes
bathroom,shop,a,a,never
panel,radiator,a,a,almost always
kitchen,net,a,a,rarely
red,horn,a,a,never
outside,shell,a,an,about half the time
octopus,show,a,an,rarely
racing,pigeon,a,a,about half the time
green,shamrock,a,a,often
land,motorway,a,a,often
pregnant,blond,a,a,about half the time
yellow,scarf,a,a,about half the time
track,record,a,a,about half the time
shovel,scoop,a,a,sometimes
colors,green,,,often
orange,bug,a,an,never
green,lego,a,a,never
crease,mark,a,a,often
green,dish,a,a,rarely
baby,hair,,,often
gold,plate,a,a,rarely
piggy,bank,a,a,rarely
sugar,cube,a,a,sometimes
hay,ride,a,a,almost always
pink,flower,a,a,often
red,rectangle,a,a,almost always
squirt,toy,a,a,never
panel,game,a,a,never
fridge,freezer,a,a,about half the time
lock,stock,,,almost always
naked,child,a,a,almost always
gold,star,a,a,sometimes
gold,band,a,a,sometimes
room,bathroom,a,a,often
ceiling,tile,a,a,never
dirty,swine,a,a,often
trash,yard,a,a,never
apple,book,a,an,never
puffin,nose,a,a,rarely
tv,day,a,a,sometimes
light,car,a,a,often
butterfly,cake,a,a,never
freeze,popsicle,a,a,about half the time
girl,boot,a,a,often
bunny,mask,a,a,often
goose,mama,a,a,never
gas,bill,a,a,rarely
hot,daddy,a,a,almost always
yellow,fuzz,,,almost always
dorsal,fin,a,a,almost always
fairy,pony,a,a,about half the time
singing,voice,a,a,often
purple,rain,,,never
message,machine,a,a,about half the time
bait,shop,a,a,almost always
litter,tray,a,a,almost always
stuffed,mushroom,a,a,about half the time
leather,jacket,a,a,never
teddy,book,a,a,rarely
brown,baby,a,a,almost always
guy,dancing,,,rarely
dressing,gown,a,a,almost always
apple,feast,a,an,never
cracker,sandwich,a,a,almost always
green,cheese,,,never
tiger,costume,a,a,never
butter,sandwich,a,a,rarely
dinosaur,map,a,a,rarely
red,apple,an,a,often
lady,bug,a,a,often
red,barn,a,a,almost always
light,bulb,a,a,about half the time
cookie,jar,a,a,about half the time
tool,box,a,a,rarely
spiky,fish,a,a,sometimes
gingerbread,guy,a,a,rarely
orange,balloon,a,an,never
taller,one,a,a,about half the time
green,doggy,a,a,rarely
tooth,mark,a,a,sometimes
juicy,juice,,,always
dust,rag,a,a,often
day,break,a,a,often
mitten,tree,a,a,rarely
purple,pants,,,rarely
stereo,computer,a,a,almost always
purple,red,,,always
railway,track,a,a,almost always
yellow,roof,a,a,never
brake,pad,a,a,never
pink,hat,a,a,almost always
back,row,a,a,almost always
sleeveless,top,a,a,rarely
red,pepper,a,a,almost always
elbow,hair,,,never
green,egg,an,a,rarely
tank,top,a,a,sometimes
yellow,toe,a,a,sometimes
lady,car,a,a,never
robot,head,a,a,never
shoe,store,a,a,almost always
chap,advertising,,,rarely
daddy,fish,a,a,about half the time
yellow,driver,a,a,always
dog,dirt,,,almost always
quarter,bag,a,a,always
top,handle,a,a,about half the time
choir,boy,a,a,about half the time
brown,mommy,a,a,about half the time
paper,bag,a,a,sometimes
dead,baby,a,a,rarely
pink,paper,a,a,almost always
hotel,room,a,a,never
hot,cereal,,,never
baby,fish,a,a,rarely
ocean,book,a,an,rarely
tape,recorder,a,a,often
suite,room,a,a,almost always
purple,edge,an,a,never
rock,honey,,,almost always
yellow,lady,a,a,never
metal,door,a,a,often
telephone,cord,a,a,rarely
tail,piece,a,a,rarely
garden,hose,a,a,often
water,boil,a,a,never
cotton,lining,a,a,about half the time
red,berry,a,a,about half the time
dolly,clothes,,,often
top,tooth,a,a,always
raisin,cookie,a,a,sometimes
purple,mom,a,a,rarely
bubble,bath,a,a,never
exit,entrance,an,an,always
bear,home,a,a,never
smiley,sticker,a,a,rarely
slippery,leg,a,a,often
hot,strawberry,a,a,sometimes
giant,dragon,a,a,often
pear,yogurt,,,sometimes
red,honey,,,rarely
shoe,wax,,,about half the time
